token,hapus
a,1
aa,1
aaahh,1
aag,1
aarrgghh,1
abad,1
abang,1
abangku,1
abay,1
abc,1
abdau,1
about,1
acak,1
acara,0
ackbar,1
ada,1
adakah,0
adakan,0
adalah,1
adanya,0
adaptasi,0
adapun,1
add,0
address,0
ade,1
adem,0
adi,1
adil,0
admin,0
administrasi,0
administrasinya,0
adminnya,0
adogs,0
adu,0
aduan,0
aduh,0
advance,0
advisor,0
ae,1
aeni,1
aevo,1
agak,0
agar,1
agent,0
ags,1
agus,1
agustian,1
agustus,0
ah,1
ahh,1
ahli,0
ai,0
air,0
airdrop,0
airdroper,0
aiswap,1
ajaib,0
ajak,0
ajarkan,0
aju,0
ajukan,0
akademi,0
akal,0
akan,1
akhir,1
akhirat,0
akhirnya,1
akibat,0
akmal,1
akrabnya,0
akses,0
aksesnya,0
aktav,1
aktif,0
aktifkan,0
aktivitas,0
akum,0
akumulasi,0
akun,0
akunnya,0
akunya,0
akurat,0
aladin,0
alah,1
alaikum,0
alam,0
alamat,0
alami,0
alangkah,0
alarik,1
alarm,0
alasan,0
alasannya,0
alat,0
alephium,0
alert,0
alertnya,0
alerts,0
alfhai,1
alfians,1
algo,0
algorand,0
alhamdulillah,0
ali,1
alias,0
alih,0
alihkan,0
aliran,0
alkisah,1
all,1
allah,0
allert,1
allo,0
alloh,0
almost,1
alokasi,0
alpinpadil,1
also,1
alt,0
altcoin,0
alternatif,0
altsani,1
alur,0
always,0
am,1
aman,0
amanah,0
amat,1
amati,0
amatir,0
ambang,1
ambil,0
amin,0
ampun,0
amri,1
an,1
anak,1
analisis,0
anda,1
andai,0
andal,0
andalan,0
andalkan,0
andi,1
andre,1
andrianto,1
android,1
aneh,0
aneka,0
anggarainvestasicryptodipintu,1
anggota,1
angka,0
ani,1
anjing,0
anjurkan,0
announce,0
antar,0
antara,1
antaranya,1
antarmuka,0
antarmukanya,0
antena,0
anti,0
antisipasi,0
antoni,1
antri,0
antusias,0
anwar,1
aowkwkwk,1
apa,1
apa-apa,1
apabila,1
apakah,1
apalagi,1
apapun,0
apel,0
aplaus,0
aplikasi,0
aplikasicrpytountuksemua,1
aplikasikan,0
aplikasinya,0
appearance,0
apple,0
apr,0
apresiasi,0
april,0
aprnya,0
apy,0
aragon,0
arah,0
arahan,0
arahkan,0
arahnya,0
arb,0
arbitrum,0
ard,1
area,0
arfan,1
ariesm,1
arisan,0
arkan,1
armilanurfanarra,1
armstrong,0
artian,0
artikel,0
artinya,1
aruf,1
arya,1
arzaqinvestasicrytpdipintu,1
as,0
asadil,1
asal,1
asalan,1
asalnya,1
asep,1
aset,0
asetnya,0
asi,0
asing,0
ask,0
asli,0
aslinya,0
aspek,0
assalamu,0
assalamualaikum,0
astaga,0
astaghfirullah,0
asuransi,0
at,1
atas,1
atasi,0
atau,1
ataupun,1
ath,0
athan,1
ati,0
atik,0
atm,0
atom,1
attractive,1
atur,0
aturan,0
autentikasi,0
avax,0
average,0
averaging,0
avg,0
awal,1
awalan,1
awali,1
awalnya,1
awam,0
awas,0
awasi,0
away,0
awsome,1
ax,1
axs,0
ayam,1
ayo,1
azrie,1
azzhahiri,1
b,1
baagil,1
babari,1
babi,0
baby,1
babydoge,1
baca,1
bacaan,1
bacaannya,0
bacanya,1
backlink,1
badan,1
badget,1
bagaimana,1
bagaimanapun,1
bagaskara,1
bagi,1
bagian,1
bagus,0
bahagia,0
bahasa,0
bahasanya,0
bahaya,0
bahkan,1
bahwa,1
baik,1
baiklah,0
baiknya,0
bajak,0
bak,1
balance,0
balas,0
balasan,0
bali,1
balikkan,1
balung,1
bambu,1
bandar,1
banding,0
bandingan,0
bandingkan,0
bandwidth,0
banget,1
bangga,0
bangkrut,0
bangku,1
bangsa,0
bangsat,0
banjir,1
bank,0
banking,0
banknya,0
banting,0
bantu,0
bantuan,0
bantuannya,0
banyak,1
banyaknya,1
bappebti,0
bar,0
bareng,1
baris,1
baru,1
barudak,1
barunya,1
basa,1
base,0
basi,1
basis,1
bast,1
batalkan,0
batang,1
batas,0
batasan,0
batasi,0
batman,0
bawa,1
bawah,1
bayangkan,1
bayar,0
bca,0
be,1
bear,0
beast,1
beban,0
bebas,0
beberapa,1
because,1
beda,1
bedakan,0
bedanya,0
begginee,1
begini,1
begitu,1
begitupun,1
beh,1
bekali,0
bekerja,1
bekerjasama,0
belajar,0
belajarnya,0
belakang,1
belakangnya,1
belanja,0
beli,0
beliau,1
belikan,0
belinya,0
belipun,0
belit,0
bella,1
belum,1
benar,1
benarkan,1
benci,0
benefit,0
benefitnya,0
beneran,1
bentuk,0
bep,0
ber,1
berada,1
beradaptasi,0
beragam,0
beragama,0
berakhir,1
beralih,0
berambisi,1
beranak,1
beranda,0
berangkat,1
berani,0
beranikan,0
beraninya,1
berapa,1
berapapun,1
berarti,1
berasa,0
berasal,0
berat,0
berbagai,1
berbagi,1
berbahasa,0
berbahaya,0
berbanding,0
berbarengan,0
berbasis,1
berbau,1
berbeda,0
berbelit,0
berbenah,0
berbicara,0
berbicaranya,0
berbisnis,0
berbuah,0
berbunga,0
berburu,0
bercahaya,1
bercanda,1
berdagang,0
berdasarkan,1
berdatangan,1
beredar,0
beresiko,0
berfaedah,0
berfikir,0
berfungsi,0
bergabung,1
bergabunglah,1
berganti,0
bergegas,1
bergerak,0
berguna,0
berhadiah,0
berhadiahnya,0
berharap,0
berharga,0
berhari,0
berhasil,0
berhati,0
berhenti,0
beri,1
berikan,1
berikutnya,1
berilah,0
berimbang,1
berinovasi,0
berinteraksi,0
berinvertasi,0
berinvestasi,0
berisi,0
berita,1
berizin,0
berjaga,0
berjalan,0
berjalannya,1
berjam,0
berjangka,1
berjaya,0
berjual,0
berkah,0
berkaitan,0
berkala,1
berkali,1
berkarya,1
berkat,0
berkata,1
berkecimpung,1
berkedok,0
berkelas,0
berkeliaran,1
berkembang,0
berkembangnya,0
berkenan,1
berkendala,0
berkesempatan,1
berkode,1
berkonsultasi,0
berkreasi,0
berkualitas,0
berkurang,0
berlabuh,1
berlaku,0
berlangsung,0
berlapis,0
berlatih,0
berli,1
berlimpah,0
berlisensi,0
berlomba,0
bermacam,1
bermain,0
bermanfaat,0
bermasalah,0
berminat,0
berminggu,0
bermodal,0
bermulai,0
bermutu,0
bernafas,0
bernama,1
bernasib,0
berniat,0
bernilai,0
bernuansa,0
berobat,0
berpaling,0
berpartisipasi,0
berpegang,0
berpengalaman,0
berpikir,0
berpindah,0
bersabar,0
bersahabat,0
bersaing,0
bersama,1
bersamaan,1
bersandarnya,0
bersedia,0
berselancar,1
bersemangat,0
bersertifikasi,0
bersertifikat,0
bersetubuh,0
bersiaplah,1
bersih,0
berstandar,0
bersyukur,0
bertahan,0
bertahap,0
bertahun,0
bertambah,0
bertambahnya,0
bertanggung,0
bertanggungjawab,0
bertansaksi,0
bertanya,1
bertele,0
bertentangan,0
berteriak,0
berterima,0
bertransaksi,0
bertujuan,0
berturut,1
berubah,0
berulang,0
berumur,0
beruntung,0
berupa,1
berusaha,0
bervariasi,0
bervariatif,0
berverifikasi,0
berwarna,1
berwenang,0
besar,1
besok,0
besutan,0
betah,0
betapa,0
betul,1
betulkan,1
bg,1
bgb,0
bi,1
biar,0
biarkan,0
biarlah,0
biarpun,1
biasa,0
biasakan,1
biasanya,1
biaya,0
biayanya,0
bibit,0
bicara,0
bid,0
bidang,0
bijak,0
bila,1
bilang,0
bilangnya,0
bimbang,0
bimbingan,0
binance,0
binatang,0
bingung,0
bintang,0
bintangnya,0
bisa,1
bisakah,1
bisakan,1
bismillah,0
bisnis,0
bisu,0
bitcoin,0
bitget,0
bittime,0
bla,1
black,0
bless,1
blockchain,0
blog,0
blognya,0
blokir,0
blosh,1
bnb,0
bni,0
bnx,0
bobol,0
bocah,0
bocornya,0
bodoh,0
bodong,0
body,1
boedi,1
bohong,0
bolak,1
boleh,1
bolong,1
bonk,1
bonus,0
bonusnya,0
book,0
booknya,0
boom,0
booming,0
boooss,1
borong,0
bos,1
bosan,0
bosku,1
bosqu,1
bosque,1
bot,0
botnya,0
brabarb,1
bravo,0
bri,0
bridge,0
brige,0
bro,1
broker,0
browser,0
browsing,0
bsc,0
bscscan,0
bsi,0
buang,0
buat,1
buatan,1
buatkan,0
bubble,1
budaya,1
budget,0
budiarsa,1
budileksono,1
bug,0
bugnya,0
build,1
buka,0
bukan,1
bukankah,1
bukannya,1
bukanya,0
bukit,1
bukti,0
buktikan,0
buktinya,0
bulan,1
bulanan,1
bulannya,1
bull,0
bullish,0
bullrun,0
buluk,0
bumi,1
bunga,0
bunganya,0
buntung,0
bunyi,1
bursa,0
buruk,0
buss,1
busuk,0
busyett,1
buta,1
butitua,1
butuh,0
butuhkan,0
buy,0
buying,0
buzzer,0
by,1
bybit,0
bye,1
c,1
ca,1
cacat,0
cache,0
cadangan,0
cadel,0
caem,0
cair,0
cairkan,0
cairnya,0
call,0
calon,1
can,1
cancel,0
candle,0
candrainvestasicryptodipintu,1
canggih,0
canggihnya,0
canggung,0
cap,1
capek,0
captt,1
car,1
cara,1
caranya,1
card,0
cari,0
cash,0
cashback,0
cashbacknya,0
cat,0
catatan,0
catching,0
catcoin,0
cavin,1
cbqa,1
ce,1
cecep,1
cecepsupriadi,1
cek,0
cekik,0
celo,0
cenderung,0
center,0
centernya,0
cepat,0
cepatlah,0
cerah,0
cerdas,0
cerdasnya,0
cerewet,0
cerita,1
ceritanya,1
cermat,0
cewek,1
cex,0
chain,0
chains,0
chandra,1
change,1
changer,0
channel,0
chart,0
charting,0
chartnya,0
chat,0
chatnya,0
chuawauww,1
cia,1
cicil,0
cicilan,0
cilik,1
cinta,0
cintailah,0
ciptanya,0
circulation,1
cl,0
classic,0
clean,0
clear,0
close,0
closed,0
closenya,0
cmc,0
cmi,1
cnth,1
co,1
coba,1
cobakan,0
cobalah,0
cocok,0
cocokkan,0
cocoknya,0
code,0
coin,0
coinbase,0
coingecko,0
coinmarketcap,0
coinnya,0
cok,0
cold,0
com,1
conect,0
congratulation,0
contoh,1
contohnya,1
coooo,1
copy,0
coq,0
core,0
coredao,0
cost,0
covid,0
crash,0
crimy,1
cring,0
cross,0
crypto,0
cryptocurrency,0
cryptodipintu,1
cryptonya,0
cryptopintu,1
cuek,0
cukong,0
cukup,1
cuma,0
cun,0
curang,0
curi,0
curiga,0
currency,0
currencynya,0
curve,1
cus,0
custodial,1
customer,0
cut,0
cutloss,0
d,1
daerah,1
daffayoutube,1
daftar,0
daftarkan,1
daftarnya,0
dahsyat,0
dahulu,1
dahulukan,1
dai,0
dalam,1
dalami,1
dalamnya,0
damai,0
dan,1
dana,1
dananya,0
dapat,1
dapatkan,0
dapatnya,1
dapp,0
dappps,0
dapps,0
darah,0
darat,0
dari,1
dariku,1
darimana,1
daripada,1
darurat,0
dasar,1
dasarnya,1
dash,0
dashboard,1
dat,1
data,0
database,0
datang,1
datangi,1
datanya,0
date,1
daun,1
dax,1
daya,1
dca,0
dea,1
dear,1
dedikasi,1
default,0
defi,0
deg,1
degil,1
deh,1
dekat,1
delist,0
delisting,0
demi,1
demikian,1
demo,0
deng,1
dengan,1
dengar,0
depan,1
depannya,1
deposit,0
depositnya,0
deposito,0
depositonya,0
derivatif,0
desa,1
desain,0
desainnya,0
desember,0
desentralisasi,0
deskripsi,0
desktop,0
detail,0
details,0
detik,0
developer,0
developernya,0
development,0
device,0
dewasa,1
dewi,1
dex,0
di,1
dia,1
diabaikan,0
diacungi,0
diadakan,0
diajukan,0
diakses,0
diakui,0
diakumulasikan,0
diam,0
diambil,0
diamond,0
dianalisis,0
diandalkan,0
diantara,0
diapakai,0
diarahkan,0
diaspora,1
diatas,0
diatasi,0
diawal,0
diawasi,0
dibaca,0
dibagi,0
dibagikan,0
dibahas,0
dibalas,0
dibanding,0
dibandingkan,0
dibantu,0
dibarter,0
dibatalkan,0
dibatasi,0
dibayangkan,1
dibayarkan,0
dibekali,0
dibeli,0
dibenarkan,0
diberi,1
diberikan,1
diberitahu,0
diberlakukan,0
dibesarkan,0
dibiarkan,0
diblok,0
diblokir,0
dibobol,0
dibohongi,0
dibuat,1
dibuka,0
dibutuhkan,0
dicairkan,0
dicampur,0
dicantumkan,0
dicari,0
dicermati,1
dicoba,1
dicuri,0
didaftarkan,0
didapat,0
didapatkan,0
didasarkan,0
didieu,1
didownload,0
didukung,0
didunia,0
difungsikan,0
diganti,0
digemari,0
digit,0
digital,0
digitalisasi,1
digunakan,1
digunakannya,1
dihadiri,1
dihapus,0
diharap,0
diharapkan,1
diharga,0
dihari,0
diharuskan,0
dihilangkan,0
dihitung,0
dihome,1
dihubungi,0
diikuti,1
diingat,1
diinginkan,0
diinvestasikan,0
dijadikan,0
dijadwalkan,0
dijaga,0
dijalankan,0
dijamin,0
dijawab,1
dijelaskan,1
dijual,0
dikantong,0
dikarenakan,1
dikasih,0
dikatakan,1
dikatakannya,1
dikembalikan,0
dikembangankan,0
dikembangkan,0
dikenakan,0
dikenal,0
dikenalkan,0
dikerjakan,1
dikirim,0
dikirimkan,0
diklaim,0
diklarifikasi,0
dikorupsi,0
dikreditkan,0
dikunci,0
dikuras,0
dilaksanakan,0
dilakukan,0
dilancarkan,0
dilayani,0
dilayar,1
dilebihkan,0
dilengkapi,0
dilevel,1
dilihat,1
dilihatkan,1
dilindungi,0
dilisting,0
diluncurkan,0
dimahalkan,0
dimalam,0
dimana,0
dimanjakan,0
dimasa,1
dimaskurniaaji,1
dimasukkan,0
dimedia,1
dimengerti,0
dimensi,1
dimiliki,0
diminati,0
diminta,0
dims,1
dimuat,0
dimudahkan,0
dimulai,1
dimunculkan,0
dimurahkan,0
dinaikin,0
dinamika,0
dinavigasi,1
dini,1
dinonaktifkan,0
dioperasikan,0
dioptimalkan,0
dipaham,0
dipahami,0
dipahamkan,0
dipajakin,0
dipakai,0
dipandang,0
dipandu,1
dipanggil,0
dipantau,0
dipasang,0
dipasar,0
dipastikan,1
dipegang,0
dipelajari,0
diperangkat,0
diperbaharui,0
diperbaiki,0
diperbanyak,0
diperbarui,0
dipercakapan,0
dipercaya,0
dipercepat,0
diperdagangkan,0
dipergunakan,0
diperhatikan,0
diperjelas,0
diperjual,0
diperjualbelikan,0
diperkuat,0
diperlukan,0
dipermainkan,0
dipermudah,0
dipersulit,0
dipertahankan,0
dipertegas,0
dipertimbangkan,0
dipikir,0
dipilih,0
diplaystore,0
diponsel,0
diportofolio,0
dipotong,0
diproses,0
diprotes,0
dipulihkan,0
diragukan,0
dirancang,0
direfund,0
direkomedasikan,0
direkomendasi,0
direkomendasikan,0
direspon,0
diri,1
dirilis,0
dirimu,1
dirubah,0
dirugikan,0
dirumah,1
dirusak,0
disaat,1
disajikan,0
disalah,0
disalahgunakan,0
disambut,0
disamping,0
disana,0
disarankan,0
disayangkan,0
disconnect,0
discord,0
disebabkan,0
disediakan,0
disegala,0
disegerakan,0
diselamatkan,0
diselenggarakan,0
diselesaikan,0
disertai,0
disertakan,0
disesuaikan,0
disetiap,1
disetting,0
disetujui,0
disimpan,0
disini,1
diskominfo,0
diskon,0
diskusi,0
display,0
disupport,0
disuruh,0
ditahun,0
ditakeall,1
ditambah,0
ditambahi,0
ditambahkan,0
ditampilkan,0
ditangani,0
ditanggapi,0
ditanya,1
ditanyakan,1
ditarik,0
ditawakan,0
ditawarkan,0
ditempat,0
ditemukan,0
diterima,0
ditinggal,0
ditinggalkan,0
ditingkat,0
ditingkatkan,0
ditinjau,0
ditipu,0
dititik,1
ditolak,0
ditrade,0
ditradingkan,0
ditransfer,0
ditujukan,0
ditunggu,0
diturunkan,0
ditutup,0
diumumkan,1
diunduh,0
diuninstal,0
diverifikasi,0
diversifikasi,0
diwajah,0
do,1
does,1
dog,1
dogde,1
doge,0
dogecoin,0
dogs,0
doing,1
dolar,0
dompet,0
don,1
done,1
dong,1
doni,1
dont,1
door,1
doraemon,1
dosa,0
double,1
downline,0
download,0
drastis,0
drive,0
dua,1
duduk,0
duko,1
dukung,0
dukungan,0
dukungannya,0
dulu,1
duluan,1
dumanauw,1
dumbaheo,1
dump,0
dunia,0
durasi,0
duwe,1
dwi,1
dyor,0
e,1
eak,1
earnbay,0
earnings,0
edit,0
edukasi,0
edukasinya,0
edukatif,0
edun,1
efek,0
efektif,0
efisien,0
egon,0
eh,1
ek,1
eka,1
ekh,1
ekonomi,0
ekonomis,0
ekosistem,0
eksekusi,0
eksis,0
ekspektasi,0
ekspetasi,0
eksplor,0
eksplorasi,0
eksternal,0
ekstra,0
ektp,0
elefge,1
elegan,0
elektronik,0
ema,0
email,0
emailnya,0
emas,0
embel,1
emosi,0
empat,1
ena,0
enak,1
enakan,1
enaknya,1
end,0
enggan,1
engkau,1
enim,1
enkripsi,0
entah,1
entahlah,1
entry,0
envistasicriptopintu,1
era,0
erc,0
error,0
es,1
estate,1
estimasi,0
estimasinya,0
esy,1
etc,0
ethereum,0
etika,0
euy,1
evaluasi,0
evaluasilah,0
evandiinvestasicryptodipintu,1
evelynkarisoh,1
event,0
eventnya,0
ever,1
everything,1
evmos,1
evryone,1
excellent,1
exchange,0
exchangenya,0
ext,1
eye,1
eyes,1
f,1
fa,1
facebook,0
fadli,1
fahamila,1
faisal,1
fakta,0
faktanya,0
faktor,1
falsya,1
family,1
faozicripto,1
far,1
farel,1
fase,1
fasilitas,0
fatoni,1
favorit,0
fazha,1
fbi,1
fee,0
feedback,0
feeling,0
fernando,1
fetch,0
fiat,0
file,0
final,0
finalnya,0
finance,0
finansial,0
firasat,1
firmansyah,1
fisik,0
fitur,0
fiturnya,0
fix,0
flat,0
fleksibel,0
fleksibilitas,0
flexi,0
fokus,0
fomo,0
for,1
force,0
forex,0
form,1
formalitas,0
forum,0
foto,0
fotokan,0
fotonya,0
frasa,0
freedom,1
fresh,0
freya,1
friendly,0
fsb,1
ftjn,0
ftx,0
fundamental,0
fungible,1
fungsi,0
fungsional,0
fungsionalitas,0
future,0
futurenya,0
g,1
gabung,0
gagal,0
gagalkan,0
gagap,0
gais,1
gaji,1
galau,0
galxe,0
gambar,0
gambaran,0
game,0
gamenya,0
gamersmobile,1
gampang,0
gampangya,0
gan,1
ganggu,0
gangguan,0
gantang,0
ganti,0
gantung,0
gara,0
garis,0
garoni,1
gaston,1
gauth,1
gawat,0
gaya,0
gb,1
gcv,0
gelap,0
gelas,1
gelombang,1
gembira,0
gempuran,0
genapkan,0
generasi,0
genggaman,1
genting,0
geografis,1
gerak,0
gerbang,1
gesit,0
get,1
ghaitsa,1
gift,0
gila,0
giliran,0
gimang,1
gimik,0
giovani,1
gital,1
give,0
giving,1
gkyjl,1
global,0
glxtapai,1
gmail,0
goat,0
god,1
godbless,1
goiii,1
going,1
gong,1
gonta,1
goodlah,0
google,0
gopay,1
gorengan,0
gout,0
grafik,0
grafiknya,0
graph,0
gratis,0
gresi,1
grup,0
gun,1
guna,1
gunakan,1
gunakannya,1
gunawsn,1
gurih,1
gy,1
gyat,1
h,1
habis,0
hack,0
hacker,0
hadiah,0
hadiahnya,0
hadir,0
hadirkan,0
hadirnya,0
hafal,1
hafizd,1
hai,1
haji,1
hak,0
hakim,1
hal,1
halaman,0
halo,1
haluan,1
halus,0
halving,0
hambali,1
hambatan,0
hampir,1
hamster,0
han,1
hancur,0
handal,0
handphone,1
hangus,0
hanting,1
hanya,1
hanyalah,1
hapal,0
happy,0
hapus,0
haram,0
harap,0
harapan,0
harapkan,1
hard,0
hardi,1
hardimaryono,1
harga,0
harganya,0
hari,1
harian,1
harinya,1
hartanya,0
hartawan,1
harus,1
hasan,1
hash,0
hasil,0
hasilkan,0
hasilnya,0
hati,0
hatiku,0
hb,1
hd,1
he,1
hebat,0
hedera,1
hehe,1
hemat,0
hendak,1
henti,0
heran,0
hermawan,1
hermawaninvestasicryptodipintu,1
hey,1
hh,1
hi,1
hiburan,0
hidden,1
hidup,1
hidupku,1
hidupmu,1
hijau,0
hilang,0
hilangkan,0
hilangnya,0
hingga,1
histori,0
historinya,0
hitung,0
hitungan,0
hitungannya,0
hiu,1
hmm,1
hoaks,0
hobi,0
hodler,0
hoki,0
hold,0
holis,1
holistik,1
home,0
homenya,0
honest,1
hong,1
horizontal,0
hot,0
how,1
htb,1
hu,1
hubung,0
hubungan,0
hubungi,0
hubungkan,0
hukum,1
hukumnya,0
hunter,0
hunting,0
hutang,1
hype,0
i,1
ialah,1
ibaratnya,1
ibnufatah,1
ibu,1
ice,1
ico,0
icrypto,1
id,1
ideal,0
identitas,0
idiot,0
idr,0
idrt,0
idx,0
iinvestasicryptodipintu,1
ikan,1
ikhlaskan,0
iklan,1
iklannya,0
ikon,0
ikut,1
ikuti,1
ilegal,0
ilham,1
ilmu,0
ilmunya,0
iloveyou,0
imbal,0
imbalan,0
impian,0
in,1
incar,1
incaran,0
inci,1
include,0
income,0
ind,1
indikasi,0
indikator,0
indikatornya,0
indodax,0
indomie,1
indonesia,0
indra,1
industri,0
infestasicryptodipintu,1
infinix,1
inflasi,0
influencer,0
informasi,0
informasinya,0
informatif,0
ing,1
ingat,1
inggrisnya,0
ingin,1
inginkan,1
ingkar,0
ini,1
inilah,1
inovasi,0
inovasinya,0
inovatif,0
input,0
insiden,0
inspirasi,0
instagram,0
install,0
instansi,0
instant,0
institusi,0
instruksinya,0
instrumen,1
insyaallah,0
integrasi,0
interaksi,0
interaktif,0
interface,0
interfacenya,0
internal,0
internasional,0
internet,0
internetnya,0
intrinsik,1
intuitif,0
invalid,0
inveagasicryptodipintu,1
inveatasicryptodipintu,1
invenstasicryptodipintu,1
inventasicryptodipintu,1
investaicryptodipintu,1
investasi,0
investasicriptodipintu,1
investasicripytodipintu,1
investasicroptydipintu,1
investasicrpytodipintu,1
investasicryftodipintu,1
investasicryiptodipintu,1
investasicryprodipintu,1
investasicrypthodipintu,1
investasicrypto,1
investasicryptodi,1
investasicryptodipi,1
investasicryptodipint,1
investasicryptodipintu,1
investasicryptodipintubtc,1
investasicryptodipintuinvestasicryptodipintuinvestasicryptodipintuinvestasicryptodipintu,1
investasicryptopintu,1
investasicrypydipintu,1
investasicrytodipintu,1
investasicrytpodipintu,1
investasicyrptodipintu,1
investasidicryptodipintu,1
investasidipintuaja,1
investasigakpakeribetya,1
investasigampangpintu,1
investasikan,0
investasikriptodipintu,1
investasikryptodipintu,1
investasimudahdipintu,1
investasinya,0
investasipintucrypto,1
investasipintudicripto,1
investasycryptodipintu,1
investcriyptodipintu,1
investing,1
investment,1
investor,0
investsicryptodipintu,1
invetasicryptodipintu,1
invetasipintu,1
invite,1
ios,1
ip,1
iphone,1
iqbal,1
irawan,1
irfan,1
irfanoel,1
irgi,1
irit,0
is,1
iseng,0
isi,0
isinya,0
isireff,1
iskak,1
iskandar,1
isma,1
iso,0
istilah,1
istilahnya,1
istimewa,0
istimewanya,0
istri,1
isu,0
its,1
itu,1
ivestasicryptodipintu,1
iwanto,1
iya,1
izin,0
izrail,1
j,1
ja,0
jackpot,0
jadi,1
jadikan,0
jadinya,1
jaga,0
jagat,1
jajan,0
jajaran,1
jakarta,1
jalan,0
jalang,0
jalankan,0
jalanmu,1
jalannya,0
jalur,0
jalurnya,1
jam,0
jaman,0
jamin,0
jaminan,0
jamnya,0
jamuran,0
janda,1
jangan,1
jangankan,0
janganlupadonwlodpintu,1
jangka,0
jangkauan,0
janji,0
janjinya,0
januari,1
jarak,0
jaraknya,0
jarang,0
jari,0
jaringan,0
jaringannya,0
jasa,1
jatuh,0
jauh,1
jawa,1
jawab,1
jawaban,1
jawabannya,1
jawabnya,1
jaya,0
jayalah,0
jbr,1
jebakan,0
jebol,0
jejak,1
jek,1
jelajah,1
jelajahi,0
jelas,1
jelaskan,1
jelasnya,1
jelek,0
jemput,1
jemu,1
jendela,1
jengkel,0
jenis,0
jenisnya,0
jenjang,1
jer,1
jera,0
jeruk,1
jetaa,1
jeth,1
jijik,0
jika,1
jin,0
jiwa,0
jo,1
job,1
jok,1
jr,1
jual,0
jualbelibitcoin,1
jualbelibitcoindipintu,1
jualnya,0
juara,0
judi,0
judul,1
juga,1
juharma,1
jujur,0
juli,1
jumardin,1
jumat,0
jumlah,1
jumlahnya,1
juni,1
junior,0
juno,1
jupiter,0
justru,1
juta,1
jutawan,0
k,1
ka,1
kabar,0
kabarnya,0
kabur,0
kacau,0
kadaluarsa,0
kadang,0
kadena,1
kaget,0
kagum,0
kah,1
kain,1
kakak,1
kakap,0
kala,1
kalah,0
kalangan,1
kalanya,0
kalau,1
kalender,1
kaleng,1
kali,0
kalian,1
kalkulasi,0
kalkulator,1
kami,1
kamino,1
kampanye,1
kampung,1
kampungan,0
kamu,1
kamus,1
kan,1
kanan,1
kanggo,1
kantong,0
kantor,0
kanu,1
kapan,1
karakter,0
karena,0
karenakan,0
karim,1
karo,1
kartu,0
karya,0
karyawan,1
kasih,0
kasihan,0
kaspa,1
kasual,0
kata,1
katakan,1
katanya,1
kategori,1
kaum,0
kawan,1
kaya,1
kayak,1
kayaknya,0
kda,1
ke,1
keadaan,1
keahlian,0
keamanan,0
keamanannya,0
keanehan,0
keatas,0
kebagian,0
kebahagiaan,0
kebajikan,1
kebanggaan,0
kebanyakan,0
kebawah,0
kebebasan,0
kebelet,0
keberapa,0
keberkahan,0
keberuntungan,0
kebesaran,0
kebetulan,1
kebiasaan,0
kebijakan,0
kebingungan,0
kebobolan,0
kebocoran,0
kebodohan,0
kebtokok,1
keburu,0
kebutuhan,0
kecanduan,0
kecepatan,0
kecepatannya,0
kecerdasan,0
kecewa,0
kecewakan,0
kecil,1
kecilan,1
kecilkan,0
kecuali,0
kecurangan,0
kecurangannya,0
kecurian,0
kedalam,1
kedalaman,1
kedepan,0
kedompet,0
kedua,1
keduanya,1
kedunia,1
keempat,1
keep,0
keganti,0
kegiatan,1
kegunaan,1
kegunaannya,0
kehadiran,0
kehidupan,1
kehilangan,0
keinginan,1
keinginannya,1
kejadian,0
kejelasan,0
kejemput,0
kejepit,0
kejujuran,0
kejutan,1
kekayaan,0
kekinian,0
keknya,1
kekunci,0
kekurangan,0
kekurangannya,0
kekuras,0
kelamaan,1
kelanjutannya,0
kelas,0
kelebihan,0
kelebihannya,0
kelengkapan,0
kelewat,0
kelewatan,0
kelihatan,1
kelihatannya,1
kelinci,1
keliru,0
keluar,1
keluaran,0
keluarga,0
keluargaku,0
keluarin,0
keluarnya,0
keluh,0
keluhan,0
keluhannya,0
keluhkan,0
kelupaan,0
kemahalan,0
kemajuan,0
kemajuannya,0
kemampuan,0
kemana,0
kemarin,0
kembali,1
kembalikan,0
kembang,0
kembangkan,0
kemenangan,0
kemendag,0
kemenkominfo,0
kementerian,0
kemiskinan,0
kemkominfo,0
kemudahan,0
kemudahannya,0
kemudian,1
kemungkinan,1
ken,1
kena,0
kenaikan,0
kenakan,0
kenal,0
kenalkan,1
kenapa,1
kencang,0
kendala,0
kendalanya,0
kenyamanan,0
kenyamananya,0
kenyataan,0
kenyataannya,0
kepada,1
kepadatan,0
kepakai,0
kepala,0
kepastiannya,0
kepercayaan,0
kepercayaannya,0
keperluan,0
kepopulerannya,0
kepotong,0
kepuasan,0
keputusan,0
kerabat,0
keraguan,0
kerahasiaan,0
kerap,0
keren,1
kerja,0
kerjakan,1
kerjanya,0
kerjasamanya,1
kertas,0
kerugian,0
kesah,0
kesal,0
kesalahan,0
kesampe,1
kesan,0
kesayangan,0
kesayanganku,0
kesederhanaan,0
kesel,0
keseluruhan,1
kesempatan,0
kesemua,0
keserbagunaan,0
keseringan,0
keseruan,0
kesimpulan,0
kesimpulannya,0
kestabilan,0
kesuksesan,0
kesulitan,0
kesusahan,0
ketagihan,0
ketahan,0
ketahuan,0
ketahui,1
ketahun,0
ketat,0
ketenangan,0
ketentuan,0
keterangan,0
keterangannya,0
keterbatasan,0
keterlaluan,1
keterpautan,0
ketersediaan,0
keterusan,0
ketidakcocokan,0
ketiga,1
ketika,1
ketimbang,0
ketinggalan,0
ketukan,0
keturunannya,0
keuangan,0
keuanganku,0
keunggulan,0
keunggulannya,0
keuntungan,0
keuntungannya,0
keuntunganya,0
kewajiban,0
kg,1
khawatir,0
khawatiran,0
khoirudin,1
khusus,1
khususkan,1
khususnya,1
ki,1
kikir,0
kilat,0
kill,1
kin,0
kinerja,0
kinerjanya,0
kini,1
kira,1
kiranya,1
kiri,0
kirim,0
kirimkan,0
kirimnya,0
kita,1
kiw,1
kiyosaki,1
klaim,0
klaimnya,0
klarifikasi,0
klik,1
kn,1
knc,0
knowledge,1
kocak,0
kode,0
kodenya,0
koin,0
koinnya,0
kok,1
koleksi,0
koleksiku,0
kolom,1
kolonial,1
kombat,0
kombinasi,0
komentar,0
komentarnya,1
kominfo,0
komisi,0
komisinya,0
komitmen,0
komoditas,0
kompatibel,0
kompetisi,1
kompetitif,0
kompetitor,0
komplain,0
kompleks,0
komplit,0
kompolotannya,0
komprehensif,0
komputer,0
komunitas,0
komunitasnya,0
kondisi,0
koneksi,0
konfirmasi,0
konfirmasinya,0
konoha,0
konon,0
konsep,0
konsernya,1
konsisten,0
konsistensi,0
konsumen,0
kontak,0
konteks,0
konten,0
konter,0
kontol,0
kontra,0
kontrol,0
konvensional,0
konversi,0
kopi,1
korban,0
korbannya,0
kordinasi,0
koreksi,0
korupsi,0
koruptor,0
kosong,0
kota,0
kotor,0
kotoran,0
kotos,1
kreatif,0
kreativitas,0
kredibel,0
kredit,1
kripto,0
kriptonya,0
kriteria,0
kritik,0
kritikan,0
kritis,0
kru,1
krusial,0
ktp,0
ku,1
kualami,0
kualitas,0
kualitasnya,0
kuasa,0
kuat,0
kucoba,1
kucoin,0
kuesioner,0
kuharap,0
kukira,0
kukuvilage,1
kuliah,0
kumha,1
kumisan,0
kumpulkan,0
kunci,0
kuncinya,0
kuning,0
kunjung,0
kuota,0
kupon,1
kurang,1
kurangi,0
kurangkan,0
kurangnya,0
kurniantt,1
kurniawantages,1
kurs,0
kutunggu,0
kyc,0
kycnya,0
l,1
la,1
laba,0
ladys,1
lag,0
lagi,1
lagipula,0
lah,1
lain,1
lain-lain,1
lainnya,1
laku,0
lakukan,0
lalu,1
lama,0
lamanya,0
lamban,0
lambangnya,0
lambat,0
lambatnya,0
lampiran,0
lampirkan,0
lancar,0
lancer,0
landscape,0
langit,1
langka,0
langsung,0
lanjut,1
lanjutan,1
lanjuti,1
lanjutkan,0
lapor,0
laporan,0
laporkan,0
laptop,0
lari,0
laris,0
latar,1
later,1
latihan,0
launching,0
launchpool,0
lawak,0
lawan,0
layak,0
layaknya,0
layanan,0
layanannya,0
layani,0
layar,0
layer,1
layout,0
leader,1
learn,1
lebar,0
lebay,0
lebih,1
lebihnya,1
legal,0
legalitas,0
legalitasnya,0
legend,0
leher,0
lek,1
lekas,0
lelet,0
lemah,0
lembaga,0
lemot,0
lends,0
lengkap,0
lengkapi,0
lengkapnya,0
lengket,0
lepas,0
let,1
letak,0
lets,1
leungit,1
level,0
leverage,0
lewat,0
lewati,0
lfg,1
libur,0
licik,0
liciknya,0
lieur,1
life,1
lightning,0
lihat,0
lihatkan,0
lihatnya,0
likuidasi,0
likuiditas,0
lima,1
limit,0
limitnya,0
limoz,1
line,1
liner,1
lingkungan,0
link,0
linkaja,0
lintah,0
lipat,1
lipgloss,1
lisensi,0
list,0
listing,0
listnya,0
listrik,0
lite,0
litecoin,0
live,0
livechat,0
livenya,0
liyane,1
lnvestasicryptodipintu,1
loading,0
lobi,1
lock,0
locked,0
log,1
logika,0
login,0
logis,0
logout,0
loh,1
lokal,0
lokalnya,0
lokalpride,0
lokasi,0
lomba,0
loncatan,0
long,1
lonjakan,0
losenya,0
loss,0
love,0
lowongan,1
loyalitas,0
ls,0
ltc,0
luar,0
luas,0
luck,0
lucu,0
lucunya,0
ludes,0
lugas,0
lumayan,0
luna,0
lupa,0
lusa,0
m,1
maaf,0
mabar,1
macam,1
macamnya,1
macet,0
mah,1
mahal,0
mahasiswa,1
mahir,0
mahrus,1
main,0
mainkan,0
mainnet,0
mainnya,0
maintenance,0
majid,1
major,0
maju,0
maka,1
makan,0
makanya,1
makasih,0
maker,0
makhluk,0
makin,1
maklum,0
maksa,0
maksimal,0
maksimalkan,0
maksud,0
maksudnya,0
malah,1
malam,0
malamnya,0
malang,0
malas,0
maling,0
malu,0
malya,1
mampu,1
mampus,0
man,1
mana,1
manajemen,0
manajemennya,0
manapun,0
mandang,0
mandiri,0
manfaat,0
manfaatkan,0
manfaatnya,0
mania,1
maniac,1
manipulasi,0
manis,0
manjakan,0
mantap,0
manual,0
manusia,0
maps,0
marah,0
marani,1
maret,0
margin,0
mari,1
market,0
marketcap,0
marketing,0
marketingnya,0
marketnya,0
marketplace,0
marking,0
markotop,1
masa,1
masalah,1
masalahnya,1
masih,1
masing,1
masinya,1
masuk,1
masukan,0
masukkan,0
masuknya,0
masyarakat,0
mata,0
matang,0
match,0
matematika,0
materi,0
materinya,0
mati,0
matic,0
maticnya,0
matikan,0
matung,0
mau,1
maulana,1
maulida,1
maunya,1
maupun,0
max,1
maya,1
mayoritas,0
mbps,1
mclaren,1
me,1
media,0
mei,1
mekanisme,1
melainkan,0
melakukan,0
melalui,0
melamakan,0
melambung,0
melampirkan,0
melangkah,0
melanjutkan,0
melaporkan,0
melaui,0
melayani,0
melebihi,0
meledak,0
melenyap,0
melewati,0
melihat,0
melimpah,0
melindungi,0
melipat,0
melisting,0
melistingkan,0
meluncurkan,0
memadai,0
memahami,0
memahaminya,0
memainkan,0
memajukan,0
memakai,0
memakainya,0
memakan,0
memaksa,0
memaksimalkan,0
memandang,0
memanfaatkan,0
memanfaatkannya,0
memang,1
memanjakan,0
memantapkan,0
memantau,0
memasang,0
memastikan,0
memasuki,0
memasukkan,0
membaca,0
membagikan,0
membahayakan,0
membaik,0
membalas,0
membalik,0
membangun,0
membantu,0
membantunya,0
membatalkan,0
membawa,0
membawamu,0
membayar,0
membedakan,0
membekukan,0
membela,0
membeli,0
membelinya,0
membenahkan,0
memberanikan,0
memberi,1
memberikan,1
memberikanku,1
membernya,0
membicarakan,0
membimbing,0
membingungkan,0
memblokir,0
membobol,0
membosankan,0
membuahkan,0
membuat,1
membuatku,1
membuatnya,1
membuka,0
membuktikan,0
membuktikannya,0
memburu,0
memburuk,0
membutuhkan,0
meme,0
memecahkan,0
memecoin,0
memenangkan,0
memencet,0
memenuhi,0
memeriksa,0
memerlukan,1
memfasilitasi,0
memikat,0
memikirkan,0
memilih,0
memiliki,0
memindahkan,0
meminimalisir,0
meminta,0
memo,0
memohon,0
memonya,0
memori,0
mempelajari,0
mempelajarinya,0
memperbaiki,0
memperbanyak,0
memperbarui,0
memperhatikan,0
memperkuat,0
memperlambat,0
memperluas,0
mempermainkan,0
mempermudah,0
memperoleh,0
memperolehnya,0
mempersingkat,0
mempersulit,0
mempertahankan,0
mempertimbangkan,0
memprediksi,0
mempromosikan,0
memproses,0
mempunyai,1
memuakan,0
memuaskan,0
memuat,0
memudah,0
memudahkan,0
memukuli,0
memulai,1
memulainya,1
memungkinkan,1
memutar,0
memutuskan,0
men,1
menabung,0
menagih,0
menahan,0
menaikan,0
menaikkan,0
menakjubkan,0
menambah,0
menambahkan,0
menambang,0
menampilkan,0
menampung,0
menanam,0
menang,0
menangani,0
menanggapi,0
menangkan,0
menargetkan,0
menarik,0
menariknya,0
menaruh,0
menavigasi,0
menawarkan,0
mencairkan,0
mencapai,0
mencari,0
mencekek,0
mencekik,0
menceritakan,0
mencerminkan,0
menciptakan,0
mencoba,0
mencobanya,0
mencolok,0
mencontoh,0
mencukupi,0
mencuri,0
mencurigakan,0
mendadak,0
mendaftar,0
mendaftarkan,0
mendaftarnya,0
mendalam,0
mendalami,0
mendang,0
mendapat,1
mendapatkan,1
mendarat,0
mendatangkan,1
mendengar,0
mendengarkan,0
mendesak,0
mendeteksi,0
mending,0
mendoakan,0
mendorong,0
mendownload,0
mendukung,0
mendung,0
mendunia,0
menebak,0
menegangkan,0
menegaskan,1
menekan,0
menemani,1
menemaniku,1
menempati,1
menempel,0
menemui,1
menemukan,0
menenangkan,0
menengah,0
menentu,0
menentukan,0
menerapkan,0
menerima,0
menerus,0
menetapkan,0
meng,1
mengacungkan,0
mengadakan,0
mengadopsi,0
mengadu,0
mengagumkan,0
mengajak,0
mengajarkan,0
mengajukan,0
mengakses,0
mengakui,1
mengakuisisi,0
mengalahkan,0
mengalami,0
mengamati,0
mengambil,0
menganalisanya,0
menganalisis,0
mengandalkan,0
menganggap,0
menganggu,0
mengantongi,0
mengapa,1
mengarungi,0
mengasyikkan,0
mengatasi,0
mengatur,0
mengawali,1
mengawasi,0
mengebut,0
mengecawakan,0
mengecek,0
mengecewakan,0
mengedukasi,0
mengejar,0
mengejutkan,0
mengeklik,0
mengeksekusi,0
mengeksplorasi,0
mengelola,0
mengeluarkan,0
mengeluh,0
mengembalikan,0
mengembangkan,0
mengenai,0
mengenakan,0
mengenal,0
mengenali,0
mengenalkan,0
mengenalmu,1
mengerikan,0
mengerjakan,1
mengerti,0
mengesan,0
mengesankan,0
mengetahui,1
mengetik,0
menggampangkan,0
menggandakan,0
mengganggu,0
mengganti,0
menggebrak,0
menggeluti,0
menggiurkan,0
menggoda,0
menggulirkan,0
menggunakan,1
menggunakannya,1
menghabiskan,0
menghack,0
menghadapi,0
menghadirkan,0
menghalangi,1
menghangat,0
menghapus,0
mengharapkan,0
menghargai,0
menghasilkan,0
menghemat,0
menghilang,0
menghilangkan,0
menghindari,0
menghitung,0
menghitungkan,0
menghubungi,0
menghubungkan,0
mengikat,0
mengiklankan,0
mengiklankanya,1
mengikuti,0
menginformasikan,0
menginginkan,0
menginstall,0
menginvestasikan,0
mengira,1
mengirim,0
mengirimkan,0
mengirimnya,0
mengisi,0
mengkalikan,0
mengkhawatirkan,0
mengoleksi,0
mengontrol,0
mengonversi,0
mengonversikan,0
mengoperasikan,0
mengoperasikannya,0
menguasai,0
mengubah,0
mengucapkan,1
mengukur,0
mengulang,0
mengumpulkan,0
mengunci,0
mengundang,0
mengunduhnya,0
menguninstall,0
menguntungkan,0
mengupayakan,0
mengupdate,0
mengupload,0
mengurangi,0
mengurusi,0
mengutamakan,0
mengutuhhkan,0
menikah,1
menikmati,0
menilai,0
meninggalkan,0
meninggi,0
meninggikan,0
meningkat,0
meningkatkan,0
meninstall,0
menipis,1
menipu,0
meniru,0
menit,1
menjadi,1
menjadikan,1
menjadikannya,1
menjaga,0
menjalankan,0
menjalankannya,0
menjamin,0
menjanjikan,0
menjawab,1
menjebak,0
menjelajah,0
menjelajahi,0
menjelaskan,1
menjelaskannya,1
menjemput,0
menjengkelkan,0
menjual,0
menjualnya,0
menolong,0
menonjol,0
menonton,0
menontonnya,0
mental,0
mentransfer,0
menu,0
menuai,0
menuh,0
menuju,1
menukarkan,0
menulis,0
menulisnya,0
menumpang,0
menunggu,0
menunggunya,0
menunjang,0
menunjukkan,1
menunya,0
menurun,0
menurut,1
menurutku,1
menurutnya,1
menutup,0
menyajikan,0
menyala,0
menyalahkan,0
menyamai,0
menyangka,0
menyangkut,1
menyapa,1
menyarankan,0
menyebab,0
menyebalkan,0
menyebrang,0
menyebut,1
menyebutkan,1
menyediakan,0
menyedihkan,0
menyelamatkan,0
menyelesaikan,0
menyenangkan,0
menyentuh,0
menyerah,0
menyertakan,0
menyesal,0
menyesuaikan,0
menyetir,0
menyetor,0
menyetujui,0
menyia-nyiakan,0
menyiakan,0
menyiapkan,1
menyimak,0
menyimpan,0
menyukai,0
menyukainya,0
menyusahkan,0
menyusun,0
meraba,0
meragukan,0
merah,0
meraih,0
merakyat,0
merampok,0
merangkum,0
merasa,1
merasakan,1
merdeka,0
merek,0
mereka,1
merekomendasikan,0
merepotkan,0
merespon,0
merevolusi,0
meriah,0
meroket,0
merosot,0
merubah,0
merugi,0
merugikan,0
merupakan,0
merusak,0
mesin,0
meski,1
meskipun,1
mesti,1
metamask,0
metaone,0
metode,0
mew,0
mewadahi,0
mewajibkan,0
mewakili,0
mexc,0
meyakinkan,0
mh,1
micin,0
micinnya,0
mikirin,0
milady,1
milenial,0
miliarder,0
milik,0
mimpi,0
minat,0
minati,0
minesnya,0
minggu,0
mingguan,1
minggunya,1
minimal,0
minimalis,0
minimum,0
mining,0
minta,1
minum,1
minus,0
minusnya,0
mirip,1
miris,0
misal,1
misalkan,1
misalnya,1
mishari,1
misi,0
misinya,0
miskin,0
mitos,0
mitra,1
mk,1
mlgtes,1
mmm,1
mobee,0
mobil,1
mobile,1
modal,0
modalnya,0
mode,0
model,0
modern,0
mog,0
mohon,0
mojokerto,1
molor,0
momen,0
momennya,0
monero,0
monetisasinya,0
money,0
monggo,1
mongkle,1
monitor,0
monyet,0
moo,1
moodeng,0
moon,1
more,1
mossad,1
move,1
moving,1
msluck,1
muach,1
muara,1
muasal,1
muat,0
muda,0
mudah,0
mudahan,1
mudahdancepat,1
mudahnya,0
mudi,1
muhammad,1
muka,0
mula,1
mulai,1
mulailah,1
mulainya,1
mulia,1
multiarta,1
multibit,0
mulus,0
mumpung,1
mumpuni,0
muncul,0
munculkan,0
munculnya,0
mundur,0
mungkin,1
mungkinkah,1
murah,0
murahan,0
murahkan,0
murahnya,0
murni,0
mustaqimmanurung,1
mutakhir,0
mutu,0
n,1
na,1
naas,0
nabungcriptomudah,1
nada,1
nafkah,0
nafsu,0
nah,1
naik,1
naiknya,1
najis,0
nama,0
namaku,1
namanya,0
nampak,0
namun,1
nanovest,0
nanti,1
nantikan,0
napitupulu,1
narasi,0
naratif,0
nasabah,0
nasib,0
natimo,1
nava,1
navigasi,0
navigasinya,0
nawawi,1
nazeeaayala,1
ndod,1
negara,0
negatif,0
negeri,0
negeriku,1
neiro,0
neko,0
neo,1
neobank,0
net,1
network,0
news,1
next,1
nfp,0
nft,0
nftnya,0
ngawur,0
nge,1
ngelag,0
ngera,1
ngeretro,0
ngomong,1
ni,1
niat,0
niatan,0
nice,1
night,1
nih,1
nikmat,0
nilai,0
nilainya,0
no,1
noice,1
nol,1
nolan,1
nominal,0
nominalnya,0
nomor,0
nomornya,0
non,1
nonaktifkan,0
nonton,1
normal,0
not,1
notabenenya,0
notch,1
notcoin,0
note,1
nothing,1
notice,0
notifikasi,0
notifikasinya,0
november,1
noviar,1
now,1
nowory,1
ntrl,1
nu,1
nugroho,1
nul,1
nunggu,0
nurhayati,1
nya,1
nyaman,0
nyaris,1
nyata,1
nyatanya,1
nyenyak,0
nyo,1
nyoi,1
o,1
obat,0
ocean,1
oco,1
of,1
official,1
offline,0
oh,1
oi,1
ojek,1
ojk,0
ok,1
oke,1
okk,1
oktober,1
okx,0
old,0
oleh,1
olehku,1
om,1
on,1
onchain,0
ondo,1
one,1
onenya,1
online,0
only,1
opbnb,0
open,1
operasi,0
operasikan,0
operasinya,0
operasional,0
operator,0
opini,1
opiniku,1
oppo,1
opsi,1
opsional,0
optimal,0
optimis,0
option,1
or,1
orang,1
orangnya,1
order,0
orderku,0
ordernya,0
original,0
otak,0
otc,0
otodidak,0
otomatis,0
otomatisnya,0
otoritas,0
otp,0
otpnya,0
out,1
outdoor,1
outlook,1
over,1
overall,0
ovo,1
p,1
pabrik,1
pabrikan,0
pacar,1
pada,1
padahal,1
padat,0
pagi,1
paham,0
pahami,0
pahamiinvestasicryptodipintu,1
paimin,1
pair,0
pairnya,0
pajak,0
pajaknya,0
pajero,1
pak,1
pakai,0
pakailah,0
pakainya,0
pakar,1
paket,0
paksa,0
paksakan,0
paling,1
pameran,1
panas,1
pancake,0
pandang,0
pandangan,1
pandangku,1
pandangmu,1
pandora,1
pandu,0
panduan,0
pangkat,1
pani,1
panik,0
panjang,1
pantas,1
pantau,0
pantek,0
pantes,1
pantun,1
papan,0
papua,1
para,1
parah,0
parahnya,0
parangkat,0
parkir,1
partner,0
pas,1
pasang,0
pasangan,1
pasar,0
pasaran,0
pasif,0
pasive,0
password,0
pasti,1
pastikan,1
pastinya,1
pasukan,1
paten,0
patokan,0
patut,0
payah,0
payahnya,0
payment,0
paymin,1
paypal,0
payung,1
pdam,1
pebrian,1
pecat,0
pecinta,0
pecundang,0
pedagang,0
peduli,0
pegang,0
pegembang,0
pejuang,1
pekerja,1
pekerjaan,0
pelacakan,0
pelajar,1
pelajaran,0
pelajari,0
pelan,0
pelanggan,0
pelanggannya,0
pelaporan,0
pelatihan,1
pelayanan,0
pelayanannya,0
pelit,0
peluang,0
peluncur,0
pemahaman,0
pemain,0
pemakai,0
pemakaian,0
pemakaiannya,0
pemantauan,0
pemasukan,0
pembagian,0
pembaharuan,1
pembahasan,0
pembanding,0
pembaruan,0
pembatalan,0
pembayaran,0
pembayarannya,0
pembeda,0
pembelajaran,0
pembelajarannya,0
pembelanjaan,0
pembelian,0
pembeliannya,0
pembelinya,0
pemberitahuan,0
pembesaran,0
pembodohan,0
pembohong,0
pembohongan,0
pembuatan,0
pemburu,0
pemeliharaan,0
pemenang,0
pemerintah,1
pemikiran,0
pemilik,0
pemilu,1
peminat,0
peminatnya,0
pemotongan,0
pemrosesan,0
pemula,0
pemulihan,0
penalti,0
penambahan,0
penambang,0
penambangan,0
penanganan,0
penarik,0
penarikan,0
penarikannya,0
penarikanyapun,0
penasaran,1
pencadangan,0
pencahayaan,0
pencairan,0
pencairannya,0
pencairanya,0
pencarian,0
pencerahannya,1
pencinta,0
pencipta,0
pencucian,0
pencuri,0
pencurian,0
pendaftaran,0
pendaftarannya,0
pendanaan,0
pendapat,0
pendapatan,0
pendatang,1
pendek,0
pendekatan,1
pendidikan,1
pending,0
pendingnya,0
pendukung,0
penelitian,0
penerangan,0
penerima,0
penerimaan,0
pengaduan,0
pengajuan,0
pengalaman,0
pengalamanku,1
pengalamannya,1
pengamatan,1
pengambilan,0
pengaplikasian,0
pengaplikasiannya,0
pengawas,0
pengawasan,0
pengecekan,0
pengelola,1
pengembalian,0
pengembang,1
pengembangan,0
pengemis,0
pengenal,1
pengenalan,0
pengerjaannya,0
pengertian,0
pengetahuan,0
penggantian,0
penggarap,0
penggemar,0
pengguna,0
penggunaan,0
penggunaannya,0
penggunanya,0
penghapusan,0
penghasil,0
penghasilan,0
penghilang,0
penghuninya,1
pengingat,0
pengirim,0
pengiriman,0
pengirimannya,0
pengisi,0
pengisian,0
pengoperasian,0
pengoperasiannya,0
pengujian,0
pengulangan,0
pengumuman,0
pengurangan,0
pengurusan,0
pengusaha,1
penilianku,1
peningkatan,0
penipu,0
penipuan,0
penjara,0
penjarakan,0
penjelasan,0
penjelasannya,0
penjual,0
penjualan,0
penjuru,1
penting,1
pentingnya,1
penuh,0
penulis,1
penunjang,1
penurunan,0
penutupan,0
penyaluran,1
penyederhanaan,0
penyedia,0
penyelesaian,0
penyesuaian,0
penyetoran,0
penyimpanan,0
pepe,0
pepecoin,1
pepek,0
per,1
perak,1
peralihan,0
perangkat,0
perantara,0
perasaan,0
perbaik,0
perbaikan,0
perbaiki,0
perbandingan,0
perbandingannya,0
perbanyak,0
perbarui,0
perbeda,0
perbedaan,0
perbedaannya,0
perbulannya,1
percakapan,0
percaya,0
percayakan,0
percepat,0
percepatan,0
percoin,1
percuma,1
perdagangan,0
perdagangannya,0
perdagangkan,0
perdana,1
perekonomian,1
performa,0
pergantian,0
pergerakan,0
pergerakannya,0
pergi,0
perginya,0
perhari,1
perharinya,1
perhatian,0
perhatiannya,1
perhatikan,0
perhitungan,0
perhitungannya,0
perhitungkan,0
periksa,0
perilisan,0
peringatan,0
periode,1
perjalanan,1
perjam,1
perjelas,0
perjual,0
perkali,1
perkecil,0
perkembangan,0
perkembangannya,0
perkenalkan,1
perkiraan,1
perkoin,1
perkotaan,1
perlindungan,0
perlu,1
perluas,0
perlukan,1
permainan,0
permanen,0
permasalahan,0
permata,1
permatasari,1
perminggu,1
permintaan,0
permisi,0
permohonan,0
permudah,0
pernah,1
pernyataan,0
peroleh,1
perosotan,0
perpetual,0
persaingan,0
persalinan,1
persatu,1
perselisihan,0
persen,0
persenan,0
persennya,0
persentase,0
persiapkan,0
persidangan,1
persimpel,0
persis,1
perspektif,1
persulit,0
persyaratan,0
persyaratannya,0
pertahankan,0
pertahun,1
pertama,1
pertamanya,1
pertanda,0
pertanggung,0
pertanyaan,1
pertemuan,1
pertengahan,0
pertimbangan,0
pertimbangkan,0
pertiwi,1
pertukaran,1
pertumbuhan,0
perubahan,0
perubahannya,0
perusahaan,1
pesaingnya,0
pesan,0
pesat,0
pesawat,1
pesimis,0
pesonamu,0
petani,1
petualangan,1
petunjuk,0
petunjuknya,0
pfak,1
phantom,0
phone,1
php,0
pi,0
piatu,1
pihak,1
pikir,0
pikiran,0
pikirkan,0
pilih,0
pilihan,0
pilihanku,0
pilihannya,0
pilihlah,0
pimpinan,1
pin,0
pinak,1
pindah,0
pindahkan,0
ping,1
pinggir,1
pingpong,1
pinjaman,0
pinnya,0
pintar,0
pintas,1
pintu,0
pintucepatproses,1
pintucerdasinvestasi,1
pintucrypto,1
pintuinvestasi,1
pintunya,1
pintupun,0
pisah,0
pisahkan,0
pivot,1
planet,1
planning,1
plat,1
platform,0
platformnya,0
play,1
playstore,0
please,0
plh,1
plis,1
pluang,0
plus,0
plusnya,0
pnl,0
pnya,1
pocket,1
podcast,1
poernama,1
pohon,1
poin,0
pojok,1
pokok,1
pokoknya,1
polejuhio,1
poligon,0
polisi,1
polygon,0
ponsel,1
pop-up,0
popcat,1
populer,0
portal,1
portofolio,0
portofolionya,0
posisi,0
posisinya,0
positif,0
postingan,0
potensi,0
potensial,0
potion,1
potong,0
potongan,0
potongannya,0
power,1
pp,1
pph,0
ppn,0
ppnnya,1
practice,1
praktik,1
praktiknya,0
praktis,0
prama,1
prasetyo,1
prastya,1
prata,1
pre,1
preferensi,1
premium,0
presale,1
presiden,0
prestasi,0
pribadi,0
price,0
prima,0
primitif,0
prin,1
prince,1
prinjer,1
prinsip,1
prioritas,0
privasi,0
pro,0
probably,1
produk,0
produktivitas,1
profesional,0
profil,1
profit,0
profitnya,0
program,1
programmer,1
programnya,0
progres,0
promo,0
promonya,0
promosi,0
pronya,0
propintu,1
prosedur,0
proses,0
prosesnya,0
prospek,1
proteksi,0
protrader,1
provide,1
provider,1
proyek,1
prsyo,1
pru,1
pt,1
ptu,0
puas,0
publik,0
pujian,0
pukul,1
pula,1
pulang,1
pulau,1
pulsa,1
puluh,1
puluhan,1
pump,0
pun,1
pundi,1
pungkiri,1
punya,1
punyalah,1
purbalingga,1
purchases,1
purnomo,1
pusat,0
pusing,0
putar,1
putra,1
putri,1
putuskan,1
q,1
qr,1
qris,0
quest,1
r,1
radhin,1
ragam,1
ragu,0
ragukan,0
ragumu,0
rahayu,1
rahman,1
rahmat,1
rahmawati,1
raib,0
raih,0
raja,0
rajanya,0
rajin,0
raksasa,1
ram,1
ramah,0
ramai,0
ramdan,1
rampas,0
ramping,0
rampok,0
random,0
range,0
rank,0
rapi,0
rapidly,1
rasa,1
rasakan,1
rasanya,1
rasio,1
rata,1
ratanya,1
rating,0
ratingnya,0
ratnasari,1
ratusan,0
raven,0
rawan,0
raya,1
raydium,0
rdnnya,1
rdpu,1
re,1
read,1
reader,1
ready,1
reaksi,0
real,0
realita,1
really,1
realtime,0
reason,0
rebranding,0
receh,0
recehan,0
receive,0
recievenya,0
recipient,1
redeem,1
redy,1
referensi,1
referral,1
refresh,0
refreshnya,0
refund,0
refundnya,0
registrasi,0
regulasi,0
reguler,0
rekan,1
rekening,0
rekeningku,1
rekeningnya,0
rekeningpun,0
rekomendasi,0
rekomendasikan,0
rekomendasiku,0
reksadana,0
reku,0
rela,0
relatif,0
release,0
relevan,0
reload,0
ren,1
rencana,1
rendah,0
render,0
rentang,0
report,0
repot,0
republik,1
reputasi,0
reputasinya,0
request,0
reset,0
resiko,0
resikonya,0
resmi,0
respon,0
responnya,0
responsif,0
ressam,1
restore,0
retas,0
retik,1
return,0
review,0
reward,0
rewardnya,0
reymond,1
rezeki,0
ribet,0
ribetnya,0
ribu,1
ribuan,1
ridha,1
ridhwanulloh,1
riding,1
right,1
rika,1
rilis,0
rilisnya,0
rinci,0
rincian,0
ringan,0
ringankan,0
ringkasan,0
ripple,0
riset,0
ritel,1
riwayat,0
rm,1
rndr,1
robert,1
robot,0
roi,0
rokok,1
ronin,0
roninnya,0
room,0
root,0
rosmiati,1
rotasi,0
royalitas,0
rp,1
rsi,0
rt,1
ruang,1
rubah,0
rugi,0
rugikan,0
rugimu,0
ruginya,0
rujukan,1
rumah,1
rumit,0
rupa,1
rupanya,1
rupiah,0
rupiahnya,0
rusak,0
rustiawan,1
rutin,0
rutinnya,0
rw,1
rwa,0
s,1
sa,1
saat,1
saatnya,1
sabani,1
sabar,0
sad,0
sadar,0
sadarlah,1
saf,1
safety,0
sahabat,0
saham,0
sahamnya,0
said,1
saingan,0
saja,1
saji,1
sajikan,1
saking,0
sakit,0
sakpore,1
saku,0
salah,0
salam,0
saldo,0
saldoku,0
saldonya,0
saldopun,0
sale,0
saleku,0
sales,1
saling,1
sama,1
samakan,0
sambil,1
sambungkan,0
sampah,0
sampai,1
sampaikan,1
sampainya,0
samping,0
sampingan,0
samsul,1
samsung,1
sana,1
sandi,1
sangat,1
sangatlah,1
sanggup,0
santai,0
santet,0
santunan,1
saputra,1
saputri,1
saran,0
sarana,0
sarankan,0
saranku,1
sarannya,0
sartika,1
sat,1
satoshidex,1
satu,1
satunya,1
satx,1
saudara,1
savage,1
save,0
saving,0
saya,1
sayang,0
sayangi,0
sayangkan,0
sayangnya,0
scalping,0
scam,0
scan,0
scraper,1
screenshot,0
scroll,0
sd,1
se,1
seabank,0
seadanya,0
seaman,0
seandainya,0
seantero,1
search,0
searching,1
sebab,1
sebagai,1
sebagainya,1
sebagian,1
sebagus,0
sebaik,1
sebaiknya,1
sebaliknya,1
sebanyak,1
sebarkan,0
sebegini,1
sebegitu,1
sebelah,0
sebelum,1
sebelumnya,1
sebenar,1
sebenarnya,1
sebenernya,1
sebentar,1
seberapa,1
sebesar,1
sebetul,1
sebetulnya,1
seblak,1
sebuah,1
sebulan,0
sebulanan,0
seburuk,0
sebut,1
sebutan,1
sebutkan,1
secara,1
secema,1
secepat,0
secepatnya,0
secuil,1
security,0
sedang,1
sedangkan,1
sedekah,0
sederhana,0
sedetik,0
sediakan,0
sedih,0
sedikit,1
sedikitpun,1
sedulur,1
see,1
segala,1
segalanya,1
segampang,0
segantang,1
segar,0
segera,1
segeralah,1
segi,0
segila,0
segitu,0
segudang,0
sehabis,0
seharga,0
sehari,0
seharian,0
seharus,0
seharusnya,0
sehat,0
sehebat,0
sehingga,1
sei,0
seilor,1
seiring,0
sejagat,1
sejahtera,1
sejak,1
sejam,0
sejati,0
sejauh,1
sejenis,0
sejenisnya,0
sejujurnya,0
sejumlah,1
sejuta,0
sekadar,1
sekala,1
sekali,1
sekalian,1
sekaligus,1
sekalipun,1
sekarang,1
sekebun,1
sekecil,1
sekedar,0
sekedipan,0
sekejap,0
sekelas,0
sekeluarga,1
sekeren,0
seketika,1
sekian,0
sekilas,1
sekitar,0
sekolah,1
sekte,1
sekuritas,0
selain,1
selaku,1
selalu,1
selama,1
selamanya,1
selamat,1
selanjutnya,1
selatan,1
selebihnya,0
selenggarakan,1
selengkap,0
selepas,0
selesai,0
selesaikan,0
selesainya,0
selfie,0
selidiki,0
selingkuhan,0
selisih,0
selisihnya,0
sell,0
selling,0
sellnya,0
seluk,1
seluler,1
seluruh,1
semacam,1
semacamnya,1
semakin,1
semangat,0
sembarang,0
semenit,0
semenjak,1
sementara,1
semesta,1
seminggu,0
seminimal,0
semisal,1
semoga,0
sempat,1
sempit,0
sempurna,0
sempurnakan,0
semua,1
semuanya,1
semudah,0
senang,1
senangi,0
senangnya,0
senantiasa,0
send,0
sendiri,1
sendirinya,1
seng,1
sengaja,0
seni,1
senilai,0
senin,0
senior,0
sensasi,0
sensasinya,0
sensitif,0
senter,0
sentosa,1
sentuhan,1
senyaman,0
seolah,1
seorang,1
sepanjang,1
separuh,0
sepatu,1
sepatutnya,0
sepele,0
sependapat,1
sepengalaman,1
seperti,1
sepertiku,1
sepertinya,1
sepeser,0
sepi,0
sepihak,1
september,0
sepuluhjetimiinn,1
seputar,1
serabutan,1
serakah,0
serangan,0
serasa,0
serba,0
serbu,1
seribet,0
seribu,0
sering,1
serius,0
seriusan,0
serok,0
serta,1
sertai,1
sertifikasi,0
seru,0
serulsolatif,1
serumit,0
serupa,1
server,0
service,0
servis,0
servisnya,0
sesama,0
sesat,0
seseorang,0
sesi,0
sesimpel,0
sesuai,0
sesuaikan,0
sesuatu,1
sesuka,0
sesulit,0
sesungguhnya,0
sesusah,0
set,1
setahun,0
setara,0
setau,0
setel,0
setelah,1
setelan,0
setengah,1
seterusnya,1
setia,0
setiap,1
setiawan,1
setidaknya,1
seting,0
setingan,0
setor,0
setoran,0
setuju,0
setujui,0
sewaktu,1
sh,1
shanti,1
share,1
sharing,1
sheet,0
shib,1
shiba,0
shopee,0
shopeepay,0
short,0
si,1
sia,0
siahaan,1
sial,0
sialan,0
siang,0
siap,1
siapa,1
siapapun,1
siapkan,0
sibuk,0
sicepat,0
sidak,0
sidik,0
sif,1
sifat,1
sigap,0
sigma,1
signifikan,0
sih,1
silahkan,1
sim,0
simpan,0
simpanan,0
simpati,0
simpel,0
sing,1
singkat,0
single,1
sini,1
sinkron,0
sinting,0
sinyal,0
sip,0
sipaling,0
siput,0
sir,1
sirait,1
sirr,1
sisa,0
sisanya,0
sisi,1
sisipkan,1
sistem,0
sistematis,0
sistemnya,0
situ,1
six,1
sk,1
skibidi,1
skill,0
sl,1
slna,1
slogan,1
slot,0
slow,0
smart,0
smartphone,1
smk,1
smooth,0
smp,1
sms,0
snap,1
so,1
soal,1
soalnya,1
sobat,1
soetoyo,1
soft,1
sok,0
sol,0
solana,0
solananya,0
solid,0
solusi,0
solusinya,0
solutif,0
solution,1
soo,1
sopan,0
sore,1
sosial,0
sosmed,0
soto,1
speed,0
spekulasi,0
spesial,0
spesifik,0
spesifikasi,0
sphere,0
spider,1
spm,1
sportif,0
spot,0
spread,0
spreadnya,0
srawoeng,1
ss,1
stabil,0
stabilitas,0
stable,0
stablecoin,0
staf,0
stake,0
staking,0
standar,0
star,0
start,0
stat,0
statistiknya,0
status,0
statusnya,0
stay,1
stdex,1
step,1
stick,0
stik,0
stop,0
stoploss,0
storage,0
store,0
strategi,0
strategimu,0
stres,0
stroke,0
stronger,1
studio,1
suamiku,1
suatu,1
such,1
suci,1
sudah,1
sudahlah,1
sudut,1
sue,1
sugatama,1
suhu,0
sui,0
suka,0
sukai,0
sukanya,0
sukmara,1
sukses,0
sukseskan,0
sulit,0
sultan,0
sumatra,1
sumber,1
sumpah,1
sumpeno,1
sundel,1
sungguh,0
sungguhan,0
supaya,1
super,0
supiandi,1
support,0
supra,0
supriyono,1
suram,0
suraman,1
suratap,1
surga,0
surplus,0
suruh,0
survei,0
susah,0
susahnya,0
susu,1
suyoko,1
swap,0
swapnya,0
sweatcoin,0
switch,1
syapiul,1
syarat,1
syariah,1
syukurlah,0
t,1
ta,1
tablet,1
tabrak,1
tabungan,0
tadi,1
tadinya,1
tag,0
tah,1
tahan,0
tahap,1
tahapannya,0
tahu,1
tahun,1
tahunan,1
tahunnya,0
tai,0
tak,1
take,1
taker,0
takut,0
takutnya,0
tambah,1
tambahan,1
tambahi,1
tambahkan,1
tambahnya,1
tambang,1
tambunan,1
tampak,1
tampil,0
tampilan,0
tampilannya,0
tampilkan,0
tanam,0
tanda,1
tandingan,0
tangan,0
tangani,0
tangga,0
tanggal,1
tanggap,0
tanggapan,0
tanggapi,0
tanggapinya,0
tanggung,0
tanpa,1
tantangan,0
tanya,1
tap,1
tapi,1
target,0
tarik,0
tariknya,0
taruh,0
tasknya,0
tata,0
tautan,1
tawarkan,0
tax,0
tedjo,1
teguh,1
tek,1
tekan,0
teknik,0
teknikal,0
teknis,0
teknologi,0
teko,1
tekunilah,1
telah,1
telapak,1
telat,0
telegram,0
telepon,0
teliti,0
telusuri,1
tema,1
teman,1
teman-teman,1
temannya,1
tembak,0
tembus,0
tempat,1
tempatku,1
tempatnya,1
tempatnyainvestasidipintu,1
tempo,0
temukan,1
tenan,1
tenang,0
tengah,1
tentang,1
tentram,0
tentu,1
tentukan,1
tentunya,1
teori,1
tepak,1
tepat,1
ter,1
terakhir,1
terakhirnya,1
teraman,0
terang,0
terasa,1
teratas,1
teratasi,0
teratur,0
terawasi,0
terbaca,0
terbagus,0
terbaik,0
terbaiklah,0
terbaiknya,0
terbang,1
terbangnya,0
terbantahkan,0
terbantu,0
terbantukan,0
terbaru,0
terbarukan,0
terbarunya,0
terbatas,0
terbayarkan,1
terbeli,0
terbesar,0
terbiasa,1
terbilang,1
terbit,1
terblokir,0
terbuang,0
terbuka,0
terbukanya,0
terbukti,0
terburuk,0
tercampur,0
tercanggih,0
tercapai,0
tercepat,0
tercinta,0
terciptanya,0
terdaftar,0
terdahulu,1
terdapat,1
terdekat,0
terdengar,0
terdepan,0
terdeteksi,0
terdidik,1
teregulasi,0
tereksekusi,0
terendah,0
terfavorit,0
terfokus,0
tergampang,0
terganti,0
tergantung,0
tergila,0
tergolong,0
terhadap,1
terhalang,0
terhapus,0
terhebat,0
terhenti,0
terhitung,0
terhormat,0
terhubung,0
teridentifikasi,0
terik,0
terima,0
terimanya,0
terinformasi,0
teringat,1
terinspirasi,1
terinstall,0
terintegrasi,0
terisi,0
terjadi,1
terjaga,0
terjamin,0
terjangkau,0
terjebak,0
terjeda,0
terjerumus,0
terjos,0
terjual,0
terjun,0
terkadang,1
terkait,0
terkecil,0
terkejut,0
terkemuka,1
terkena,0
terkenal,0
terkendala,0
terkeren,0
terkesan,0
terkhusus,0
terkini,0
terkirim,0
terkoneksi,0
terkonfirmasi,0
terkumpul,0
terkunci,0
terlahir,0
terlalu,1
terlambat,0
terlampau,0
terlanjur,0
terlebih,0
terlengkap,0
terlepas,0
terlibat,0
terlihat,0
terlikuidasi,0
terlindungi,0
terlisensi,0
term,0
termahal,0
termantap,0
termasuk,1
termuat,0
termudah,0
termudahkan,0
termurah,0
ternama,0
ternyata,1
terobosan,0
terpaksa,0
terpantau,0
terpasang,0
terpatok,0
terpencet,0
terpenting,0
terpenuhi,0
terpercaya,0
terperinci,0
terpilih,0
terpisah,0
terpotong,0
terpuaskan,0
terputus,0
tersebut,1
tersedia,0
tersedianya,0
terselesaikan,0
tersembunyi,0
tersendiri,0
tersertifikasi,0
tersesat,0
tersimpel,0
tersisa,0
tertahan,0
tertarik,0
tertawa,0
tertembus,0
tertentu,1
tertera,0
terterter,1
tertinggal,0
tertinggi,0
tertipu,0
tertuju,1
tertulis,0
tertunda,0
teruji,0
teruma,1
terunduh,0
teruntuk,0
terupdate,0
terus,1
terusan,1
forward,1
terutama,1
terutamanya,1
terverifikasi,0
tes,0
testimoni,0
tetangga,0
tetanggamu,1
tetap,1
tetapi,1
tetaplah,1
tether,0
than,1
thanks,1
that,1
thats,1
the,1
thebestexchangeindonesia,1
there,1
think,1
this,1
thr,0
through,1
thumps,1
tiada,0
tiadakan,0
tiap,1
tiba,1
tick,1
tidak,1
tidur,0
tiga,1
tiket,0
tiktok,0
tiktoknya,0
tim,0
timbang,1
timbul,0
time,0
timeframe,0
timing,0
timothy,1
tindak,0
tinggal,1
tinggalkan,0
tinggi,1
tingginya,1
tingkat,0
tingkatan,0
tingkatkan,0
tinjau,0
tinu,1
tip,1
tipe,1
tipis,0
tipo,0
tips,1
tipsyt,1
tipu,0
tipuan,0
tiri,0
tiru,0
titik,0
titip,0
tk,1
to,1
tohir,1
token,0
tokenmaker,1
tokennya,0
toko,0
tokocrypto,0
tolak,0
tolol,0
tolong,0
tolonglah,0
tombol,0
ton,0
toncoin,0
tone,1
tong,0
tonkeeper,0
tool,1
top,0
torro,1
total,0
totalnya,0
trade,0
trader,0
trading,0
tradingbtc,1
tradingcryptodipintu,1
tradingcryptodipintuu,1
tradingdipintu,1
tradingnya,0
tradingpintu,1
traffic,0
training,0
trampet,1
tranding,0
transaction,1
transaksi,0
transaksinya,0
transaksinyapun,0
transfer,0
transfernya,0
transparan,0
transparansi,0
trc,0
tren,0
trending,0
trendline,0
trennya,0
trial,0
trigger,0
trik,0
triliunan,0
triliuner,0
tring,1
triple,1
trisetyo,1
triv,0
tron,0
truct,0
trump,0
trust,0
trusted,0
trustwallet,0
trx,0
try,1
tu,1
tua,0
tuaku,0
tuan,0
tuh,1
tujuan,0
tukang,1
tukar,0
tulisan,0
tulisannya,1
tumbuh,1
tunai,0
tunggu,0
tungku,1
tunjuk,1
tunjukkan,1
turbo,0
turun,0
turunkan,0
turunnya,0
turut,1
tutorial,0
tutorialnya,0
tutup,0
tuyul,0
twitter,0
two,0
u,1
uang,0
uangmu,0
uangnya,0
uapil,1
ubah,0
ucapkan,1
ucupmamas,1
ui,0
uinya,0
ujar,1
ujung,0
ujungnya,0
ulang,0
ulasan,0
ulti,1
umt,1
umur,0
undang,0
undangan,0
understand,0
undian,0
unduh,0
unggul,0
unggulan,0
ungkapkan,1
unik,0
uniknya,0
uninstall,0
unstake,0
unstaking,0
untuk,1
untukmu,1
untung,0
untungnya,0
up,1
upaya,0
upbit,0
update,0
upgrade,0
upline,0
upload,0
urungkan,0
urusan,0
urutan,0
urutnya,1
usaha,1
usahakan,0
usahanya,0
usdc,0
usdt,0
usdtnya,0
use,1
usecase,1
user,0
username,1
usernya,0
usia,0
usianya,0
usreg,1
usul,0
usut,0
ut,1
utak,0
utama,0
utamanya,0
utara,0
utilitas,0
uu,1
uud,1
ux,0
uxnya,0
uyee,1
va,0
valen,1
valid,0
validasi,0
value,0
vanhelsing,1
varian,0
variasi,0
variasinya,0
variatif,0
vct,1
verifikasi,0
verifikasinya,0
verifikator,0
versi,0
versus,0
vertikal,0
very,1
via,1
video,1
view,0
viral,1
viralkan,1
virly,1
virtual,0
visual,0
vivo,1
voc,1
volume,0
voucher,0
vouchernya,0
w,1
wadah,1
waduh,1
wae,1
wah,1
wahai,1
wahid,1
wahjoedi,1
wahyudhi,1
wahyudi,1
wajah,0
wajar,1
wajib,0
waktu,1
waktunya,1
walaupun,1
waldo,1
walk,1
wallet,0
walletnya,0
want,1
waras,0
warga,0
warisan,0
warkop,1
warna,0
warning,0
was,0
waspada,0
wassaew,1
wataeinvestasicripto,1
watch,0
watchlist,0
watt,1
waw,0
wawasan,0
way,1
we,1
web,0
website,0
websitenya,0
weh,1
welcome,0
well,1
wemix,0
wen,1
wes,1
westala,1
what,1
whatsapp,0
who,1
why,1
wib,1
widget,0
widodogroho,1
widreweell,1
wif,1
wifi,1
wih,0
wili,1
will,1
wiltimpas,1
wirawan,1
wis,1
wish,1
wisnu,1
with,1
withdraw,0
woi,1
word,1
work,1
world,1
worldwide,1
worth,0
would,1
wow,0
wujudkan,0
x,1
xdc,0
xlm,0
xrp,0
ya,1
yah,1
yaitu,1
yakan,1
yakin,1
yakini,1
yakni,1
yang,1
yanto,1
yatim,0
yayanp,1
years,1
yes,1
yhy,1
ynwa,1
yoko,1
yosef,1
you,0
your,1
youtube,0
yoy,0
yuda,1
yudhayana,1
yudhicrypto,1
yuk,1
yukpakaipintu,1
yuliaputerisubrata,1
z,1
zacky,1
zadelta,1
zaman,0
zealy,1
zeinol,1
zipmex,0
zk,1
zklend,0
½,1
☕,0
☺,0
♂,0
♥,0
✅,0
✋,0
✌,0
✍,0
✨,0
❌,0
❓,0
❣,0
❤,0
𝗜𝗻𝘃𝗲𝘀𝘁𝗮𝘀𝗶𝗖𝗿𝘆𝗽𝘁𝗼𝗱𝗶𝗣𝗶𝗻𝘁𝘂,1
🌟,0
🎉,0
🎓,0
🎗,0
🏻,0
🏼,0
🏽,0
👆,0
👈,0
👉,0
👊,0
👋,0
👌,0
👍,0
👎,0
👏,0
👯,0
👹,0
💎,0
💕,0
💖,0
💙,0
💚,0
💥,0
💨,0
💪,0
💯,0
💰,0
💲,0
💵,0
💸,0
💼,0
📈,0
📊,0
📌,0
📰,0
🔛,0
🔥,0
🖕,0
🖤,0
🗿,0
😀,0
😁,0
😂,0
😃,0
😄,0
😅,0
😆,0
😇,0
😈,0
😉,0
😊,0
😋,0
😌,0
😍,0
😎,0
😏,0
😒,0
😔,0
😕,0
😖,0
😘,0
😚,0
😠,0
😡,0
😢,0
😣,0
😤,0
😥,0
😩,0
😪,0
😭,0
😮,0
😯,0
😱,0
😵,0
😶,0
😻,0
🙀,0
🙁,0
🙂,0
🙃,0
🙄,0
🙊,0
🙌,0
🙏,0
🚀,0
🚗,0
🤌,0
🤍,0
🤐,0
🤑,0
🤓,0
🤔,0
🤗,0
🤙,0
🤜,0
🤝,0
🤟,0
🤠,0
🤡,0
🤣,0
🤤,0
🤦,0
🤧,0
🤩,0
🤬,0
🤭,0
🤲,0
🥰,0
🥲,0
🥳,0
🥴,0
🥵,0
🥹,0
🥺,0
🦸,0
🫡,0
🫥,0
🫰,0
🫶,0
forget,1
beluk,1
arzaq,1
anggara,1
candra,1
evandi,1