slang,formal
aamiiiiin,amin
aamiin,amin
aamin,amin
aangat,sangat
academi,akademi
academy,akademi
accoun,akun
account,akun
activity,aktivitas
activity,aktivitas
acungin,mengacungkan
ad,ada
adaa,ada
aj,saja
aja,saja
ajaa,saja
ajaaa,saja
ajaaaaa,saja
ajab,saja
ajadan,saja
ajadeh,saja
ajah,saja
aktifitas,aktivitas
aktip,aktif
aktiv,aktif
aktivitaa,aktivitas
aku,saya
akub,saya
akui,mengakui
akuu,saya
alaammaakk,astaga
alhamdulilah,alhamdulillah
alhamdulillaah,alhamdulillah
alhmdllh,alhamdulillah
alhmdulilah,alhamdulillah
alhmdulillah,alhamdulillah
allhamdulillah,alhamdulillah
amanan,aman
amann,aman
amannn,aman
amasih,masih
amateur,amatir
amatt,amat
amazing,mengagumkan
amazinggg,mengagumkan
analisa,analisis
analisanya,analisis
analisisnya,analisis
analitis,analisis
analystic,analisis
ancur,hancur
and,dan
ane,saya
aneeh,aneh
anehh,aneh
anehhh,aneh
anehnya,aneh
anggap,menganggap
angus,hangus
apaaan,apa
apaan,apa
apaansi,apa
apalaagi,apalagi
apalagii,apalagi
apalagiii,apalagi
apalg,apalagi
apalgi,apalagi
apapula,apalagi
ap,apa
apalah,apa
apasih,apa
apdet,perbarui
apeli,aplikasi
apelikasi,aplikasi
apik,bagus
apikasi,aplikasi
apk,aplikasi
apklikasi,aplikasi
apknnya,aplikasi
apkny,aplikasi
apknya,aplikasi
apl,aplikasi
aplagi,apalagi
apliaksi,aplikasi
aplikaai,aplikasi
aplikadi,aplikasi
aplikas,aplikasi
aplikasih,aplikasi
aplikasine,aplikasi
aplikasiny,aplikasi
aplikasiya,aplikasi
apliksai,aplikasi
apliksi,aplikasi
aplk,aplikasi
aplkasi,aplikasi
aplkiasi,aplikasi
apllikasi,aplikasi
app,aplikasi
applikasi,aplikasi
aq,saya
appnya,aplikasi
appof,aplikasi
apps,aplikasi
application,aplikasi
applications,aplikasi
approve,menyetujui
aprove,menyetujui
apuss,hapus
gw,saya
ngga,tidak
nggak,tidak
akademinya,akademi
anikasi,aplikasi
anj,anjing
anjai,anjing
anjas,anjing
anjay,anjing
anjayy,anjing
anjelok,menurun drastis
anjeng,anjing
anjink,anjing
anjir,anjing
anjirr,anjing
anjirrr,anjing
anjlok,menurun drastis
anjolk,menurun drastis
anyirrrrr,anjing
anyway,bagaimanapun juga
amplikasi,aplikasi
amplikasihnya,aplikasi
ampas,mengecewakan
ampasss,mengecawakan
ampe,sampai
ampei,sampaikan
aplikasihashtag,aplikasi
aplikasii,aplikasi
aplikasipintucrypto,aplikasi pintu crypto
aplikator,aplikasi
apliskasinya,aplikasinya
aps,aplikasi
apss,aplikasi
apus,hapus
aseet,aset
aser,aset
asetmasadepan,aset masa depan
asetny,asetnya
asett,aset
asetteather,aset
asik,menarik
asliann,asli
assest,aset
asset,aset
assetnya,asetnya
assets,aset
asswww,anjing
ajee,saja
ajg,anjing
ajh,saja
ajha,saja
ajib,keren
ajibb,keren
ajiib,keren
ajip,keren
ajarin,ajarkan
asu,anjing
asuransin,asuransi
asyik,menyenangkan
ata,saja
alesan,alasan
alhasil,hasilnya
amaaan,aman
ama,sama
ataw,atau
ato,atau
atu,atau
atuhtenticator,verifikasi
atw,atau
auntetichantor,verifikasi
autentifikasi,verifikasi
autentik,verifikasi
autentikasi,verifikasi
authentic,verifikasi
authentication,verifikasi
authenticator,verifikasi
autheticator,verifikasi
auto,otomatis
available,tersedia
awalya,awalnya
awan,awam
awashati,awas
awasin,awasi
ayok,ayo
ayolah,ayo
ayoo,ayo
ayooo,ayo
ayoooo,ayo
ayuk,ayo
aza,saja
babbpeti,bappebti
babpepti,bappebti
backnya,kembalinya
backup,cadangan
bacot,cerewet
bad,buruk
badut,jelek
bae,saja
bagai,seperti
bagaimna,bagaimana
baget,sangat
bagiku,bagi saya
bagsu,bagus
bagu,bagus
bagusan,lebih bagus
baguslah,bagus
bagusnya,bagus
baguss,bagus
bagusss,bagus
bahkam,bahkan
bakal,akan
bakalan,akan
bakan,bahkan
bales,balas
balesin,balasan
balesnya,balasan
balajar,belajar
balik,kembali
balikin,balikkan
bana,bank
bandikan,bandingkan
bandingakn,bandingkan
bandingin,bandingkan
bandingn,banding
bang,bank
bangak,banyak
bangat,banget
bangeeet,banget
bangeeett,banget
bangeet,banget
bangeett,banget
bangeettt,banget
bangen,banget
bangett,banget
bangettt,banget
bangetttt,banget
bangeut,banget
bangke,bangsat
bangkekg,bangsat
bangsatt,bangsat
bangt,banget
bangus,bagus
bangusss,bagus
banking,bank
bankk,bank
bantuanya,bantuannya
bannyak,banyak
banya,banyak
banyaaaaaak,banyak
banyakan,lebih banyak
banyakin,lebih banyak
banyakk,banyak
banyakkan,banyak
banyk,banyak
bapebti,bappebti
bapepbti,bappebti
bapeppti,bappebti
bapepti,bappebti
bappenas,bappebti
bappepti,bappebti
bappet,bappebti
bappeti,bappebti
bappti,bappebti
barusan,baru saja
batalin,batalkan
batu,bantu
bay,selamat tinggal
bayak,banyak
bayangin,bayangkan
bbrp,beberapa
bbrpa,beberapa
beaya,biaya
becus,mampu
bedah,bedakan
begitulah,begitu
begt,begitu
beinvestasi,berinvestasi
bejibun,berlimpah
bejir,anjing
bejirrrr,anjing
belajaran,belajar
belinyya,belinya
beljar,belajar
belom,belum
belumnmenemukan,belum menemukan
benaran,benarkan
benefits,benefit
bener,benar
beneran,benarkan
benerin,benarkan
beniat,berniat
benneran,benarkan
bentar,sebentar
beppebti,bappebti
beptti,bappebti
berangkattttttt,berangkat
beratt,berat
berbedaada,berbeda
bereinvestasi,berinvestasi
berikab,berikan
berinfestasi,berinvestasi
beres,selesai
berinventasi,berinvestasi
berinvest,berinvestasi
berinvetasi,berinvestasi
berinvstasi,berinvestasi
berijin,berizin
berivestasi,berinvestasi
bermampaat,bermanfaat
berpa,berapa
berterimakasih,berterima kasih
bertrad,berdagang
bertrading,berdagang
besa,besar
besariinn,besar
besarr,besar
besh,terbaik
best,terbaik
besti,sahabat
bestt,terbaik
besttt,terbaik
bestttt,terbaik
bet,banget
bete,bosan
betoool,betul
bett,banget
better,lebih baik
bgt,banget
bestlah,terbaik
bgi,bagi
bgini,begini
bgitu,begitu
bgs,bagus
bgtt,banget
bgtu,begitu
bgus,bagus
bhkan,bahkan
biaa,agar
biar,agar
biasaa,biasa
biasah,biasa
biasahh,biasa
bictcoin,bitcoin
bida,bisa
bigi,bagi
bik,baik
bikit,bikin
bin,bintang
binane,binance
bind,sambungkan
binen,binance
bingg,bingung
binggung,bingung
binnc,binance
bintangny,bintangnya
bintngny,bintangnya
bircoinbtc,bitcoin
bis,bisa
bisaa,bisa
bisaaa,bisa
bisadi,bisa
bisain,bisakan
bismilah,bismillah
bismillahirrahmanirrahim,bismillah
bit,bitcoin
bitang,bintang
bitcoindipintu,bitcoin
bitkoin,bitcoin
bitvoin,bitcoin
biyaya,biaya
biybit,bybit
bjir,anjing
bkan,bukan
bkin,membuat
bkn,bukan
blajar,belajar
bli,beli
bljr,belajar
blm,belum
bln,bulan
blochain,blockchain
block,blockchain
blockcain,blockchain
blockhain,blockchain
blok,blokir
blokcain,blockchain
blokchain,blockchain
blom,belum
bloon,bodoh
blum,belum
bner,benar
bneran,benar
bnetar,sebentar
bngat,banget
bnged,banget
bnget,banget
bngsat,bangsat
bngt,banget
bngtt,banget
bngttt,banget
bngtttt,banget
bnyak,banyak
bnyk,banyak
bobrok,rusak
bocil,bocah
bodonk,bodong
bolehh,boleh
bonjos,rugi
bonusan,bonus
boong,bohong
boro,jangankan
bosa,bisa
bosen,bosan
bosenin,bosan
branda,beranda
brand,merek
bre,bro
bree,bro
brkembang,berkembang
brmain,bermain
brow,bro
brp,berapa
brpa,berapa
bru,baru
bs,bisa
bsa,bisa
bt,banget
btc,bitcoin
btccrypto,bitcoin crypto
btuh,butuh
btw,ngomong ngomong
buanget,banget
buanyak,banyak
buatin,buatkan
buatku,buat saya
buatt,buat
budah,mudah
bugi,bagi
bugkah,bug
bujet,budget
bukin,buat
bukn,bukan
bungga,bunga
bunus,bonus
buru,cepat
buruaaaaannnn,cepatlah
buruaann,cepatlah
buruan,cepatlah
buruann,cepatlah
burukk,buruk
burukkan,buruk
burukkk,buruk
busa,bisa
bust,buat
buzer,buzzer
bwt,buat
byk,banyak
bytcoin,bitcoin
caahback,cashback
cacad,cacat
cairin,cairkan
cakep,bagus
calculator,kalkulator
callsenter,call center
campaign,kampanye
campaingn,kampanye
candel,candle
candlenya,candle
candles,candle
candlestick,candle
cape,capek
capekk,capek
carana,caranya
carrensynya,cryptocurrency
casback,cashback
casbacknya,cashback
cashack,cashback
cba,coba
cell,sell
cendrung,cenderung
centermya,centernya
cepatt,cepat
cepet,cepat
cepetan,lebih cepat
cepetin,lebih cepat
ceripto,crypto
charts,chart
chating,chat
chatt,chat
check,cek
checker,cek
chrypto,crypto
ciamik,hebat
claim,klaim
click,klik
clik,klik
cm,cuma
cma,cuma
cman,cuma
cmn,cuma
coabin,cobalah
cobadulu,mencoba
cobain,cobalah
cocokin,cocokkan
cocoklah,cocok
coibain,cobakan
cokk,cok
cokkkkk,cok
come,ayo
comen,komentar
coment,komentar
compatible,kompatibel
complain,komplain
complaint,komplain
complen,komplain
completed,komplit
conected,terhubung
conect,hubung
coneksi,koneksi
confirm,konfirmasi
connect,hubungkan
connection,koneksi
consisten,koneksi
contact,kontak
convert,konversi
cool,keren
copa,coba
costume,customer
costumer,customer
costumernya,customer
coy,bro
cpat,cepat
cpet,cepat
cpt,cepat
cras,crash
credited,dikreditkan
crew,kru
crewet,cerewet
cri,cari
cripto,crypto
criptocurensy,cryptocurrency
criptocurrency,cryptocurrency
criptonya,crypto
criptonyayang,crypto
critnya,ceritanya
crito,crypto
criypto,crypto
crpto,crypto
crpyto,crypto
cryfto,crypto
cryipto,crypto
cryoto,crypto
cryp,crypto
crypo,crypto
crypoto,crypto
crypro,crypto
cryptho,crypto
cryptklo,crypto
cryptocerrency,cryptocurrency
cryptocurency,cryptocurrency
cryptocurensi,cryptocurrency
cryptojual,crypto jual
cryptoku,crypto saya
cryptomu,crypto kamu
crypton,crypto
cryto,crypto
crytonya,cryptonya
crytp,crypto
crytpo,crypto
cs,customer service
csnya,customer service
csr,customer service
cuaaaannn,untung
cuan,untung
cuanderful,keuntungan
cuannnnn,untung
cuannya,untungnya
cueki,cuek
cuekin,cuek
cui,bro
cuih,jijik
cukuo,cukup
cumah,cuma
cuman,cuma
cusomer,customer
cust,customer
customernya,customer
cuy,bro
cuyy,bro
cypto,crypto
cyptokers,investor crypto
cyripto,crypto
cyrpto,crypto
dab,deh
dach,deh
dadi,jadi
dafftar,daftar
dafyar,daftar
dah,deh
dahh,deh
dahhh,deh
dahlah,sudahlah
dak,tidak
dalah,dalam
dankeamananberlapis,dan keamanan berlapis
danta,dana
dapatin,dapatkan
dapet,dapat
dapetin,dapatkan
dapetnya,dapatnya
dapt,dapat
daptar,daftar
daptarnya,daftarnya
dar,dari
daridulu,dari dulu
dark,suram
dateng,datang
debesss,terbaik
debest,terbaik
dech,deh
dechhh,deh
deeeh,deh
deehtq,deh
defelopernya,developernya
degan,dengan
dehh,deh
dehhh,deh
deket,dekat
delay,lambat
delayin,lambat
delaynya,lambatnya
demen,suka
dengam,dengan
dengann,dengan
dengean,dengan
denger,dengar
dengn,dengan
dengna,dengan
deosit,deposit
depet,dapat
depo,deposit
depoait,deposit
deponya,depositnya
deposite,deposit
depositinya,depositnya
depositku,deposit saya
decentralized,desentralisasi
desentralized,desentralisasi
deslit,delist
dev,developer
develop,developer
developed,developer
developernya,developernya
developerr,developer
developing,developer
develover,developer
deviced,device
devloper,developer
dftar,daftar
dg,dengan
dgn,dengan
dgunakan,digunakan
dh,deh
dhh,deh
diang,saja
diantra,diantara
diapknya,di aplikasinya
diaplikasi,di aplikasi
diakhir,di akhir
diantara,di antara
diantaranya,di antaranya
diapprove,disetujui
diawsi,diawasi
dibagian,di bagian
dibandingan,di bandingan
dibangku,di bangku
dibank,di bank
dibappebti,di bappebti
dibatalin,dibatalkan
dibatasin,dibatasi
dibawah,di bawah
dibebera,di beberapa
dibelakangnya,di belakangnya
dibenerin,dibenarkan
diberpaiki,diperbaiki
dibetulin,dibenarkan
dibidang,di bidang
dibikin,dibuat
dibilang,dikatakan
dibilangnya,dikatakannya
diblakang,di belakang
dibntu,dibantu
dibri,di bri
dibutuhkn,dibutuhkan
diblaclist,diblokir
dicantumin,dicantumkan
diclose,ditutup
dicrypto,di crypto
dicompouding,diakumulasikan
dichart,di chart
dichat,di chat
didana,di dana
didalam,di dalam
didalamnya,di dalamnya
didepan,di depan
didownload,diunduh
didrain,dikuras
diem,diam
diexchange,di exchange
diface,diwajah
difahami,dipahami
difikir,dipikir
digedein,dibesarkan
digunain,digunakan
digunainnya,digunakannya
digunakake,digunakan
digunakanan,digunakan
digunakandan,digunakan dan
dihack,di hack
dihadirin,dihadiri
dihek,di hack
diilangin,dihilangkan
diilangkan,dihilangkan
diindonesia,di indonesia
diinvest,diinvestasikan
diinvestasi,diinvestasikan
diinvestasiin,diinvestasikan
dijadiin,dijadikan
dijamain,dijamin
dikarnakan,dikarenakan
dikasi,dikasih
dikenalin,dikenalkan
dikirimi,dikirim
dikit,sedikit
dikurangi,di kurangi
dikuti,diikuti
dilai,lambat
dilevelharga,di level
diliat,dilihat
diliatin,dilihatkan
dilihatin,dilihatkan
dilngkpi,dilengkapi
dilock,dikunci
diluar,di luar
dimahalin,dimahalkan
dimengeri,dimengerti
dimanapun,di mana pun
dimanjain,dimanjakan
dimarket,di market
dimarketnya,di marketnya
dimisal,misalkan
dinkasih,dikasih
dinpelajari,dipelajari
dinpintu,di pintu
dioptimal,dioptimalkan
dipahamin,dipahamkan
dipake,dipakai
dipakeknya,dipakai
diperbaikin,diperbaiki
dipercayai,dipercaya
dipertimbangkanlah,dipertimbangkan
dipintu,di pintu
diporto,diportofolio
diportopolio,diportofolio
diribetin,dipersulit
disconect,disconnect
disconnet,disconnect
disebalah,di sebelah
disebelah,di sebelah
disediain,disediakan
disedikan,disediakan
disiniii,di sini
disitu,di situ
disni,di sini
disuru,disuruh
ditail,detail
ditamba,ditambah
ditambahin,ditambahi
ditambahkn,ditambahkan
ditambh,ditambah
ditemuin,ditemukan
ditiap,setiap
ditradingkan,diperdagangkan
ditranfer,ditransfer
diujung,di ujung
diupdate,diperbarui
diveces,device
dj,di
dkknya,dan lain-lain
dl,dulu
dll,dan lain-lain
dlm,dalam
dlu,dulu
dm,kirim pesan
dmn,dimana
dn,dan
dng,dengan
dngan,dengan
dngn,dengan
doang,saja
diubah,dirubah
diwaktu,di waktu
diwallet,di wallet
diwnload,didownload
dongg,dong
donggg,dong
dompt,dompet
dohongi,dibohongi
dollar,dolar
dollarku,dolar saya
donk,dong
donload,download
donlod,download
donlot,download
donwload,download
doooong,dong
dopo,deposit
dowliad,download
dowload,download
dowlod,download
downlod,download
down,gangguan
downlod,download
downnya,gangguan
dp,deposit
dpahal,padahal
dpat,dapat
dpet,dapat
dpt,dapat
dptkan,dapatkan
dr,dari
downloads,download
dri,dari
drjh,deh
drop,turun
dsalh,disalah
dsb,dan sebagainya
dsini,disini
dsn,disini
dsni,disini
dsruh,disuruh
dsuruh,disuruh
du,di
due,punya
duid,uang
duit,uang
duitnya,uangnya
duitt,uang
dulusaya,dulu saya
duni,dunia
duper,super
duwit,uang
dwonload,download
earan,mendapatkan
earn,mendapatkan
early,awal
earnnya,mendapatkan
easy,mudah
echange,exchange
ee,eh
eeeee,eh
eek,kotoran
efesien,efisien
effesien,efisien
ehh,eh
ehhh,eh
eitz,eh
elegant,elegan
elegen,elegan
elig,tersedia
emang,memang
embad,rampas
embat,rampas
emg,memang
emng,memang
emula,pemula
enakny,enaknya
enchange,exchange
enga,tidak
engak,tidak
engga,tidak
enggak,tidak
enjoy,menikmati
entar,nanti
envistasi,investasi
eror,error
erorrr,error
errorklw,error
errorrrr,error
esempe,smp
etehereum,ethereum
etehreum,ethereum
etellll,bodoh
eth,ethereum
etherium,ethereum
etherum,ethereum
even,event
evennya,eventnya
ewaleet,e-wallet
ewalet,e-wallet
ewalett,e-wallet
ewallet,e-wallet
ewalletnya,e-wallet
ewalt,e-wallet
ex,exchange
exc,exchange
excange,exchange
excanger,exchange
excecution,eksekusi
exchage,exchange
exchance,exchange
exchang,exchange
exchanges,exchange
exchenge,exchange
exchge,exchange
exchnge,exchange
execution,eksekusi
exis,eksis
expect,mengira
experience,pengalaman
expert,ahli
expetasi,ekspetasi
expired,kadaluarsa
explor,eksplorasi
explorasi,eksplorasi
explore,eksplorasi
explorer,eksplorasi
exploring,eksplorasi
exsplore,eksplorasi
extenjer,exchange
external,eksternal
ez,mudah
ezey,mudah
factor,faktor
faham,paham
fahami,pahami
failed,gagal
fair,adil
fajah,wajah
fan,dan
fast,cepat
fastrespon,respon cepat
favorite,favorit
favoritmu,favorit
favourite,favorit
fb,facebook
fdi,di
fe,fee
featue,fitur
featur,fitur
feature,fitur
featurenya,fiturnya
features,fitur
fee,biaya
feed,bodoh
feenya,biayanya
fees,biaya
fengan,dengan
fetures,fitur
fiakses,diakses
fif,biaya
fiktur,fitur
fikturnya,fiturnya
exchanger,exchange
filed,terisi
filingmu,firasat kamu
fill,terisi
filled,terisi
finacial,finansial
financial,finansial
finansialmu,finansial kamu
fittu,fitur
fitu,fitur
fitunya,fiturnya
first,pertama
fiture,future
fitures,future
fiturny,fiturnya
fitut,fitur
fituur,fitur
fixs,fix
flatform,platform
flatfrom,platform
flet,flat
flex,fleksibel
flexibel,fleksibel
flexible,fleksibel
fokil,gila
fokusmu,fokus kamu
forclos,force
forevel,selamanya
fortopolionya,portofolionya
fotoin,fotokan
foundamental,fundamental
free,gratis
frendly,friendly
friendly,ramah
frienly,friendly
fto,foto
full,penuh
fun,seru
funda,fundamental
futur,future
futures,future
ga,tidak
gaa,tidak
gaada,tidak ada
gabakalan,tidak mungkin
gaban,itu
gabisa,tidak bisa
gabisaa,tidak bisa
gabisq,tidak bisa
gabsa,tidak bisa
gacor,mantap
gada,tidak ada
gadijawab,tidak dijawab
gadungan,penipu
gaes,teman-teman
gaesa,teman-teman
gaesits,teman-teman
gaess,teman-teman
gagalin,gagalkan
gagl,gagal
gain,untung
gainers,kenaikan
gaiscoba,teman-teman
gajadi,tidak jadi
gajelas,tidak jelas
gak,tidak
gakan,tidak akan
gakk,tidak
gal,tidak
gamang,gampang
gamasuk,tidak masuk
gamau,tidak mau
gambang,gampang
gamoang,gampang
gampangan,gampang
gampangg,gampang
gampanggk,gampang
gandain,menggandakan
gandos,mantap
gandoss,mantap
gang,yang
gannn,bro
ganpangnya,gampang
gap,jarak
gapake,tidak pakai
gapapa,tidak apa-apa
gapelit,tidak pelit
gapercaya,tidak percaya
gaperlu,tidak perlu
gapernah,tidak pernah
gapnya,jaraknya
gaptek,gagap teknologi
gapunya,tidak punya
garap,mengerjakan
garcep,cepat
garfik,grafik
garing,bosan
gass,ayo
gasskan,ayo saja
gasskeeennn,ayo
gassken,ayo
gasskuyy,ayo
gasss,ayo
gassssss,ayo
gas,ayo
gasampe,tidak sampai
gasfee,biaya
gatau,tidak tahu
gausa,tidak perlu
gausah,tidak perlu
gbisa,tidak bisa
gblk,bodoh
gbs,tidak bisa
gbsa,tidak bisa
gc,tidak
gda,tidak ada
gde,besar
gdrive,google drive
geblekkk,bodoh
gede,besar
gedhe,besar
gegara,gara gara
gegeh,hebat
gembel,jelek
gen,generasi
genepin,genapkan
gengs,teman-teman
gercep,cepat
gerjadi,terjadi
gerti,mengerti
ges,teman-teman
gess,teman-teman
gg,hebat
ggl,gagal
ggod,bagus
gilaa,gila
gilaaa,gila
gilaaaa,gila
gilak,gila
gilasih,gila
gile,gila
gimana,bagaimana
gimanaaa,bagaimana
gimn,bagaimana
gimna,bagaimana
gini,begini
ginian,begini
ginukan,gunakan
gitu,begitu
gitulah,begitu
gituuu,begitu
giveaway,hadiah
giveawaynya,hadiahnya
giveaways,hadiah
giveway,hadiah
gj,tidak
gk,tidak
gkda,tidak ada
gkmasuk,tidak masuk
gmana,bagaimana
gmn,bagaimana
gmna,bagaimana
gmpang,gampang
gmpng,gampang
gnkan,gunakan
go,ayo
goblokkk,bodoh
goblokkkkkk,bodoh
gogel,google
goggle,google
gogogo,ayo
gokil,gila
goks,gila
goo,maju
good,bagus
goodbye,selamat tinggal
goodd,bagus
goodddddd,bagus
goodjob,kerja bagus
goood,bagus
gooodddddddd,bagus
goooo,maju
gooooo,maju
goos,bagus
goodlahreal,bagus
goodluck,semoga berhasil
goodlucky,semoga berhasil
goods,bagus
goog,bagus
gpay,gopay
gpp,tidak apa-apa
gratisan,gratis
gratiss,gratis
gratisss,gratis
great,bagus
gtu,begitu
gua,saya
guanya,saya
gud,bagus
gue,saya
guee,saya
group,grup
gunain,gunakan
gunainnya,gunakannya
gunakam,gunakan
gunakana,gunakan
guuyysss,teman-teman
guys,teman-teman
guyss,teman-teman
guyssss,teman-teman
gwa,saya
gwe,saya
gwh,saya
gx,tidak
hadeeeh,aduh
hadeee ,aduh
hadeh,aduh
hadehh,aduh
hadehhh,aduh
hadehhhhh,aduh
hadian,hadiah
haduh,aduh
haduhh,aduh
haduhhh,aduh
hahaha,haha
hahahah,haha
hahahaha,haha
hahhahaa,haha
haii,hai
hallo,halo
haloo,halo
hancuran,hancur
hancurr,hancur
handalkan,mengandalkan
handle,atasi
hangat,hanya
hape,handphone
harg,harga
harusnya,seharusnya
hasilin,hasilkan
hasilkan,menghasilkan
hatian,hati
hatiii,hati
haturnuhun,terima kasih
hatus,harus
hay,hai
haya,hanya
hayo,ayo
hayyukkkk,ayo
hbgn,hubungan
hbs,habis
hdeewhhhhh,aduh
hee,he
heh,he
hehe,he
heheh,he
hehehe,he
hedeh,aduh
hei,hai
hello,halo
help,tolong
helpcenter,pusat bantuan
helpdesk,dukungan teknis
hey,hai
heyy,hey
hi,hai
highest,tertinggi
highly,sangat
hihi,hehe
hihihi,hehe
hiitungan,hitungan
hiden,hidden
hidden,tersembunyi
hilangan,kehilangan
hilangi,hilangkan
hilangin,menghilangkan
hilanh,hilang
hilih,hehe
history,histori
hit,tercapai
hj,hi
hm,hmm
hmmm,hmm
hnya,hanya
hoax,hoaks
hobby,hobi
holder,hodler
holders,hodler
hp,handphone
hpnya,handphone
hpp,pph
hqrga,harga
hrga,harga
hrganya,harganya
hrgx,harga
hrs,harus
hrus,harus
hubungin,hubungi
hud,tampilan
huff,huh
hub,hubungi
huting,hunting
huu,huh
hy,hai
huntin,hunting
idiott,idiot
ig,instagram
ijin,izin
ijo,hijau
iki,ini
iklanin,mengiklankan
iku,itu
ikutan,mengikuti
ikutin,ikuti
ilang,hilang
ilangin,menghilangkan
ilovepintu,i love pintu
image,reputasi
imediate,segera
impression,kesan
improve,meningkatkan
improvement,peningkatan
inactive,tidak aktif
inchi,inci
imvestasi,investasi
indoda,indodax
indodak,indodax
indahkan,pindahkan
inddax,indodax
berkemang,berkembang
buran,ayo
buri,cepat
dampe,sampai
del,hapus
diatanya,ditanya
diiiiiii,di
km,kamu
kmrn,kemarin
krn,karena
lg,lagi
lgi,lagi
indicator,indikator
indo,indonesia
indodraq,indodax
indoneisa,indonesia
indusri,industri
infastasi,investasi
infest,investasi
infestasi,investasi
info,informasi
infokan,informasi
infonya,informasinya
inget,ingat
ingikutin,ikut
inibetulin,ini betulkan
inih,ini
inii,ini
iniii,ini
inj,ini
inl,ini
instal,install
install,unduh
instan,cepat
instant,cepat
insting,firasat
insyallah,insyaallah
interfaceny,interfacenya
intinya,pada dasarnya
intu,itu
inu,itu
inveatasi,investasi
inventasi,investasi
inverstasi,investasi
invertasi,investasi
invertestasi,investasi
inves,investasi
invest,investasi
investas,investasi
investasiku,investasi saya
investasimu,investasi anda
investiasi,investasi
investnya,investasinya
investrasi,investasi
investsi,investasi
invetasi,investasi
isdbes,terbaik
isntal,install
istan,instant
istans,instant
istruksinya,instruksinya
it,itu
ituh,itu
itulah,itu
ituloh,itu
itung,hitung
itungan,hitungan
itupun,itu
ituu,itu
iven,event
ivent,event
ives,investasi
ivestasi,investasi
iwalet,e-wallet
iyaa,iya
iyaaaa,iya
iyah,iya
jadii,jadi
jadiii,jadi
jadiin,jadikan
jackpot,kemenangan besar
jadijual,jadi jual
jadilah,jadikan
jadul,jaman dulu
jagan,jangan
jai,jadi
jalajahi,jelajahi
jalanin,jalankan
jama,jaman
jancu,anjing
janga,jangan
jangannnnn,jangan
janggan,jangan
jangn,jangan
jaring,jaringan
jaringanya,jaringannya
jaringgannya,jaringannya
jauhh,jauh
jauhhhh,jauh
jauhnya,jauh
jauuuuh,jauh
jauuuuuuuuuuuuh,jauh
jau,jauh
jawabanny,jawabannya
jawanya,jawa
jd,jadi
jdi,jadi
jdkan,jadi
jelass,jelas
jelasin,jelaskan
jeli,teliti
jempol,bagus
jg,juga
jga,juga
jgan,jangan
jgn,jangan
jgnkan,jangankan
jing,anjing
jingan,anjing
jk,jangka
jlas,jelas
jlk,jelek
jls,jelas
jm,jam
jmk,jakarta
jir,anjing
jng,jangan
jngan,jangan
jngn,jangan
jni,ini
join,ikut
jooooz,mantap
jooosss,mantap
jooozzzzzz,mantap
jooss,mantap
joosss,mantap
jos,mantap
joss,mantap
josss,mantap
jossss,mantap
jossssss,mantap
joszz,mantap
jowo,jawa
jozz,mantap
jp,jackpot
jt,juta
jtaan,juta
jtan,juta
juah,jual
jualan,jual
jualbeli,jual beli
jugaa,juga
jugak,juga
jugakk,juga
jugamakin,juga semakin
judol,judi online
jula,jual
jul,jual
jutaa,juta
jutaan,juta
jwb,jawab
kaaih,kasih
kaatrooooo,kampungan
kabeh,semua
kadangkan,kadang
kae,kaya
kaga,tidak
kagak,tidak
kagk,tidak
kak,kakak
kaka,kakak
kalai,kalau
kalaj,kalah
kakean,kebanyakan
kalaupun,kalau
kaliaaan,kalian
kaliaan,kalian
kaliii,kali
kalinya,kali
kalkulaor,kalkulator
kalo,kalau
kalok,kalau
kalu,kalau
kanapa,kenapa
kang,kakak
kanjod,brengsek
kapanpun,kapan pun
kaowkaowoa,wkwk
karana,karena
karen,karena
karipto,crypto
karna,karena
karnakan,karenakan
kash,kasih
kasi,kasih
kasian,kasihan
kasoh,kasih
kapok,jera
katane,katanya
katroooo,kampungan
kau,kamu
kaula,kamu
kawann,kawan
kek,kayak
kejual,terjual
kayanya,kayaknya
kbkn,kebanyakan
kbnykn,kebanyakan
kcewa,kecewa
kdng,kadang
kdpan,kedepan
keamana,keamanan
keamananya,keamanannya
keamannya,keamanannya
kebahagian,kebahagiaan
kebangetan,keterlaluan
kebank,ke bank
kebantu,terbantu
kebanyak,kebanyakan
kebayakan,kebanyakan
kebeli,terbeli
kebnyakn,kebanyakan
kebnykan,kebanyakan
kebuka,terbuka
kece,keren
kecampur,tercampur
kecewe,kecewa
keci,kecil
kecilin,kecilkan
kecill,kecil
kecilpun,kecil pun
kedeoannya,ke depannya
kedepan,ke depan
kedepannnya,ke depannya
kedepanny,ke depannya
kedepannya,ke depannya
kedepany,ke depannya
kedepanya,ke depannya
kedeppannya,ke depannya
kedip,kilat
kegedean,kebesaran
kehati,hati
keinstal,terunduh
kekuranganya,kekurangannya
kelar,selesai
kelasss,kelas
keliatan,kelihatan
kelihatanya,kelihatannya
keluhn,keluhan
keluhnya,keluhannya
kemahalannnn,kemahalan
kemanan,keamanan
kemanapun,kemana pun
kemanasaja,kemana saja
kemaren,kemarin
kembantu,membantu
keminfo,kominfo
kementrian,kementerian
kemudaan,kemudahan
kenalin,kenalkan
kenama,kemana
kenap,kenapa
kenceng,kencang
kenpa,kenapa
kentungan,keuntungan
kepake,kepakai
kepencet,terpencet
kepending,tertunda
kepintu,ke pintu
kepo,mau tahu
kepoin,mau tahu
keputisan,keputusan
kerahasian,kerahasiaan
kereeeeeenn,keren
kereeeeen,keren
kereeeeennn,keren
kereeen,keren
kereen,keren
kereenn,keren
kereennn,keren
kerekening,ke rekening
kerekeningpun,ke rekeningpun
kerena,karena
kerend,keren
kereningnya,ke rekeningnya
kerenkeren,keren keren
kerenlah,keren
kerenn,keren
kerennn,keren
kerennya,keren
keriset,ke riset
kerjain,mengerjakan
kesalah,salah
kesanganku,kesayanganku
kesini,ke sini
ket,sejak
ketauan,ketahuan
ketemu,menemukan
ketemuny,menemukan
keten,keren
ketik,ketika
ketipu,tertipu
keyeeennn,keren
kg,tidak
kga,tidak
kgk,tidak
kh,kg
khan,kan
khsusnya,khususnya
kiraaa,kira
kirain,saya kira
kitaa,kita
kitaenjadi,kita menjadi
kk,kakak
kl,kalau
klanjutanya,kelanjutannya
klau,kalau
klean,kalian
kli,kali
klian,kalian
kliatan,kelihatan
klo,kalau
klok,kalau
klop,mantap
klu,kalau
kluar,keluar
klw,kalau
kmana,kemana
kmaren,kemarin
kmbali,kembali
kmren,kemarin
kmrin,kemarin
kmu,kamu
knapa,kenapa
knl,kenal
know,tahu
knp,kenapa
knpa,kenapa
knpaa,kenapa
knph,kenapa
kntolll,brengsek
knttl,brengsek
ko,kok
kocaaaaakkk,kocak
kocakkkk,kocak
kog,kok
koh,kok
koimfo,kominfo
koinny,koinnya
koinya,koinnya
kom,kok
komen,komentar
komenya,komentarnya
kompetable,kompatibel
kompetibel,kompatibel
komoditi,komoditas
komplai,komplain
komplen,komplain
komplet,lengkap
komplit,lengkap
komtolllllll,brengsek
konek,conect
konekin,conect
konfir,konfirmasi
kontl,brengsek
kontolll,brengsek
kontolllll,brengsek
konyol,bodoh
koq,kok
korde,kode
kotnol,brengsek
kpastiannya,kepastiannya
kq,kok
krbutuhan,kebutuhan
kren,keren
krimpo,crypto
kritpo,kripto
krmarin,kemarin
krna,karena
krnapa,kenapa
krypto,crypto
kryptonya,cryptonya
ksel,kesal
ksh,kasih
ksih,kasih
kta,kita
ktika,ketika
ktipu,tertipu
kuatir,khawatir
kudu,harus
kumplit,lengkap
kukasih,saya beri
kumpulin,kumpulkan
kurangin,kurangi
kureeeeng,jelek
kurekomendasi,saya rekomendasikan
kurg,kurang
kurleb,kurang lebih
kuu,saya
kuwer,keluar
kuy,ayo
kwalitas,kualitas
kwatiran,khawatiran
kwkwk,wkwk
kwn,teman
ky,kayak
kya,kayak
kyak,kayak
kyk,kayak
laen,lain
lageeeeeee,lagi
lagging,lag
lagian,sedangkan
lagih,lagi
lagii,lagi
lagiii,lagi
lagu,lagi
lahh,lah
lahhhh,lah
lainn,lain
lainny,lainnya
lamaa,lama
lamaaa,lama
lamaaaaaa,lama
lamaaaaaaaa,lama
lamaan,kelamaan
lamain,melamakan
lamak,lama
lanayan,layanan
land,dan
landing,diterima
landingny,diterima
lanjutnya,selanjutnya
lansung,langsung
laonya,lainnya
laporin,laporkan
laverage,leverage
layananya,layanannya
layanin,melayani
lbh,lebih
lbih,lebih
ldan,dan
lebaih,lebih
lebi,lebih
leg,lag
lejek,jelek
lemooootttttt,lemot
lemot,lelet
lemott,lemot
lendingnya,sampainya
lengerti,mengerti
lengka,lengkap
lengkaapp,lengkap
lengkaf,lengkap
lengkapin,lengkapi
lengkapp,lengkap
leoding,loading
lest,lets
letsss,lets
leveragenya,leverage
leverege,leverage
lewa,lewat
lgsg,langsung
lgsung,langsung
lh,lah
lha,lah
lho,loh
lhoo,loh
liat,lihat
liatin,lihatkan
liburl,libur
lighting,lightning
like,suka
limite,limit
lintu,pintu
liquiditas,likuiditas
liquidity,terlikuidasi
lisitng,listing
listingin,listing
listingnya,listing
litupto,pintu
lma,lama
lmanyan,lumayan
lmbat,lambat
lncar,lancar
lndodex,indodax
lngaung,langsung
lngkap,lengkap
lngkp,lengkap
lngsng,langsung
lngsung,langsung
lnvestasi,investasi
lo,kamu
loaded,memuat
loby,lobi
local,lokal
loch,loh
loe,kamu
logen,login
lohh,loh
lokas,lokal
lol,haha
lola,lambat berfikir
lom,belum
loo,loh
looking,terlihat
loooh,loh
lop,love
lopyu,love you
los,loss
lose,loss
losers,pecundang
lossnya,loss
lost,loss
lov,love
lovee,love
lovely,love
low,rendah
lowest,terendah
lripto,kripto
lu,kamu
luarbiasa,luar biasa
luarr,luar
luemout,lelet
luh,kamu
lumayanlah,lumayan
lumyan,lumayan
lunya,kamu
lupaa,lupa
lurr,teman-teman
luuu,kamu
luvvvv,love
lvl,level
ma,sama
maap,maaf
macammana,bagaimana
madep,mantap
madodet,mantap
maen,main
maentenance,maintenance
maentenancenya,maintenance
mahalan,mahal
mahluk,makhluk
mainet,mainnet
maintaince,maintenance
maintance,maintenance
maintancenya,maintenance
maintenancenya,maintenance
maintenannya,maintenance
maintence,maintenance
maintenence,maintenance
maintenis,maintenance
mainya,mainnya
mak,ibu
makai,memakai
makasi,terima kasih
makasih,terima kasih
makasihh,terima kasih
make,memakai
makenya,memakai
makes,membuat
maknyus,mantap
maknyuuus,mantap
maksih,terima kasih
maksimalin,maksimalkan
mala,malah
malainkan,melainkan
malem,malam
malemnya,malamnya
males,malas
malesin,malas
malh,malah
malipulasi,manipulasi
malsh,malah
mambantu,membantu
mamber,anggota
manaa,mana
management,manajemen
managementnya,manajemennya
mananya,yang mana
manarik,menarik
mancafffffff,mantap
mandri,mandiri
manfatkan,manfaatkan
mang,memang
mantaaaap,mantap
mantaaabbbb,mantap
mantaaap,mantap
mantaaapppp,mantap
mantaap,mantap
mantaapp,mantap
mantaappp,mantap
mantab,mantap
mantabb,mantap
mantabbb,mantap
mantaf,mantap
mantal,mantap
mantapkanlah,mantap
mantaplah,mantap
mantapn,mantap
mantapp,mantap
mantappp,mantap
mantapppp,mantap
mantappppp,mantap
mantappppppppppppp,mantap
mantaps,mantap
mantappertahankan,mantap pertahankan
mantep,mantap
manteplah,mantap
mantepp,mantap
manteppp,mantap
mantau,memantau
mantul,mantap betul
mantull,mantap betul
mantulll,mantap betul
mao,mau
maple,maps
maren,kemarin
marik,mari
marketop,markotop
maruk,serakah
mas,kakak
masadepan,masa depan
masak,masa
masalahin,masalah
masalh,masalah
masang,pasang
masee,kakak
mash,masih
masi,masih
maslah,masalah
masok,masuk
massa,masa
massal,masa
mastiin,memastikan
masukin,memasukkan
masukk,masuk
masukkin,memasukkan
matap,mantap
matiin,matikan
matlet,buruk
maximal,maksimal
mayan,lumayan
mbak,kakak
mbakkk,kakak
mbangking,mobile banking
mbank,mobile banking
mbankingku,mobile banking saya
mbantu,membantu
mbingungi,membingungkan
mburu,memburu
mdh,mudah
mebantu,membantu
mecolok,mencolok
medalam,mendalam
medesak,mendesak
medsos,media sosial
meetup,pertemuan
megembangkan,mengembangkan
megerti,mengerti
meintene,maintenance
melenial,milenial
melimpahh,melimpah
melek,paham
melulu,selalu
memahi,memahami
memank,memang
memasukan,memasukkan
membantau,membantu
membatu,membantu
membatun,membantu
member,anggota
memberikn,memberikan
membntu,membantu
memeliki,memiliki
memikirkn,memikirkan
memilikki,memiliki
memluai,memulai
memng,memang
memory,memori
memperbaharui,memperbarui
mempernudah,mempermudah
memperolhnya,memperolehnya
mempunya,mempunyai
memrlukan,memerlukan
mencet,menekan
mencewakan,mengecewakan
mencob,mencoba
mendeposit,menyetor
menegah,menengah
mengacha,mencoba keberuntungan
mengahdirkan,menghadirkan
mengahsilkan,menghasilkan
menganalisi,menganalisis
menganti,mengganti
mengarti,mengerti
mengasilkan,menghasilkan
mengasih,memberi
mengasyikan,mengasyikkan
mengeksplor,mengeksplorasi
mengeri,mengerikan
menggandaka,menggandakan
menggangu,mengganggu
menggukan,menggunakan
menggunakannnya,menggunakannya
menggunakanya,menggunakannya
menggunalan,menggunakan
menggunkan,menggunakan
menghadapai,menghadapi
mengiksekusi,mengeksekusi
menginstal,menginstall
menginvest,menginvestasikan
mengrti,mengerti
mengunakan,menggunakan
mengunakannya,menggunakannya
mengunggu,menunggu
menguntung,menguntungkan
menikamti,menikmati
mengklik,mengeklik
mengkonversi,mengonversi
mengkonversikan,mengonversikan
menilik,memiliki
menmabahakn,menambahkan
menngenal,mengenal
menstranfer,mentransfer
mentok,mencapai batas
menuhin,memenuhi
menuny,menunya
menyalaaa,menyala
menyedikan,menyediakan
menyelesaikn,menyelesaikan
menyia,menyia-nyiakan
menysesuaikan,menyesuaikan
mepermudah,mempermudah
meratingnya,memberi rating
merekomen,merekomendasikan
merhatiin,memperhatikan
meruapkan,merupakan
merungi,merugi
meteode,metode
meuntungkan,menguntungkan
mewadahai,mewadahi
mg,semoga
midah,mudah
mikir,berpikir
miliader,miliarder
milih,memilih
miliki,memiliki
milyader,miliarder
mimin,admin
min,admin
mind,admin
minbiarr,admin biar
mindahin,memindahkan
minim,minimal
minimun,minimum
minn,admin
minnn,admin
mintu,pintu
minuss,minus
miss,gagal
misuh,berkata kotor
mkin,makin
mksdny,maksudnya
mksih,makasih
mksihh,makasih
mlah,malah
mmpnyai,mempunyai
mna,mana
mnampilkan,menampilkan
mnatip,mantap
mnding,mending
mnghasilkn,menghasilkan
mngkin,mungkin
mngkn,mungkin
mnguntungkan,menguntungkan
mning,mending
mnk,memang
mnt,menit
mntap,mantap
mntapp,mantap
mntp,mantap
mnya,nya
mo,mau
mlh,malah
mmbantu,membantu
mmbeli,membeli
mmbntu,membantu
mmg,memang
mobe,mobee
moga,semoga
mom,ibu
moment,momen
monfirmasinya,konfirmasinya
mosok,masa
mpe,sampai
mpermudah,mempermudah
mr,tuan
msh,masih
msi,masih
msih,masih
msuk,masuk
mt,maintenance
mtap,mantap
mtc,maintenance
muali,mulai
much,banyak
mudahdan,mudah dan
mudahh,mudah
mudahhan,mudahan
mudahhanya,mudah mudahan
mudahhhh,mudah
mudahn,mudah
mudaj,mudah
mudan,mudah
mudh,mudah
mudeng,mengerti
mufah,mudah
muli,mulai
mulu,terus
mululu,terus menerus
mulya,mulia
mundah,mudah
mungpung,mumpung
munyet,monyet
mura,murah
murahh,murah
murahin,murahkan
murh,murah
muruah,murah
musah,mudah
musti,mesti
muter,memutar
mutusin,memutuskan
mw,mau
my,saya
myaaa,nya
nabung,menabung
naek,naik
nagih,menagih
nahan,menahan
naikin,menaikkan
naikjgn,naik jangan
naikkapan,naik kapan
naiklangsung,naik langsung
naise,bagus
namannya,namanya
namayang,nama yang
nambah,menambah
nambak,menambah
name,nama
nampung,menampung
nant,nanti
nanya,tanya
napa,kenapa
napsu,nafsu
narik,menarik
nariknya,menariknya
naruh,menaruh
nati,nanti
nawarin,menawarkan
nda,tidak
ndaftar,daftar
ndag,tidak
ndak,tidak
ndang,segera
ndeso,kampungan
ndk,tidak
ndodax,indodax
negeriterbaik,negeri terbaik
negini,begini
negri,negeri
nembelinya,membelinya
nempel,menempel
nemu,menemukan
nemuin,menemukan
nerima,menerima
neriwa,menerima
new,baru
newbee,pemula
newbi,pemula
newbie,pemula
newby,pemula
newtrok,network
nex,next
nga,tidak
ngabisin,menghabiskan
ngaco,ngawur
ngadain,mengadakan
ngadakan,mengadakan
ngadu,mengadu
ngaitkan,menghubungkan
ngak,tidak
ngalahin,mengalahkan
ngalamin,mengalami
ngambil,mengambil
nganalisanya,menganalisanya
ngantemin,memukuli
ngapain,sedang apa
ngarep,berharap
ngasih,memberi
ngebantu,membantu
ngebantunya,membantunya
ngebatalin,membatalkan
ngebela,membela
ngebimbing,membimbing
ngebobol,membobol
ngebug,bermasalah
ngebut,mengebut
ngecek,mengecek
ngecewain,mengecewakan
ngehack,menghack
ngejalanin,menjalankan
ngejebak,menjebak
ngejual,menjual
ngelag,lelet
ngelakuin,melakukan
ngelama,memperlambat
ngelampirin,melampirkan
ngeleg,ngelag
ngelek,ngelag
ngelewati,melewati
ngeliat,melihat
ngelipat,melipat
ngeluarin,mengeluarkan
ngeraba,meraba
ngerampok,merampok
ngerasa,merasa
ngerasain,merasakan
ngerespon,merespon
ngeri,mengerikan
ngerti,mengerti
ngerugikan,merugikan
ngerusak,merusak
ngeryyy,mengerikan
ngescroll,menggulirkan
ngetik,mengetik
nggh,iya
nggk,tidak
nggo,untuk
ngikutin,mengikuti
nginstal,menginstall
nginvest,berinvertasi
ngiranya,mengira
ngirim,mengirim
ngirimkan,mengirimkan
ngirimnya,mengirimnya
ngisi,mengisi
ngitung,menghitung
ngitungin,menghitungkan
ngk,tidak
ngmng,berbicara
ngomongin,membicarakan
ngomongnya,berbicaranya
ngopi,minum kopi
ngotak,berfikir
ngrti,mengerti
ngumpulin,mengumpulkan
nguntungin,menguntungkan
ngurang,berkurang
ngurusin,mengurusi
nggul,unggul
nian,niat
nikmati,menikmati
nikmatilah,silahkan menikmati
nikmatin,menikmati
nilep,mencuri
nimbul,timbul
ninggalin,meninggalkan
nipis,menipis
nipu,menipu
njelajah,menjelajah
njeriiittt,berteriak
nngu,nunggu
nolong,menolong
nomer,nomor
nonggol,muncul
nongol,muncul
norek,nomor rekening
notif,notifikasi
notof,notifikasi
ntah,tidak tahu
ntap,mantap
ntuy,santai
nulis,menulis
nulisnya,menulisnya
number,nomor
numpang,menumpang
nunggu,menunggu
nungguin,menunggu
nunggunya,menunggunya
nurun,menurun
nvestasi,investasi
nie,nice
nyainvestasi,tempatnya investasi
nyairin,mencari
nyambung,berkaitan
nyampah,sampah
nyampai,sampai
nyampe,sampai
nyangka,menyangka
nyaranin,menyarankan
nyari,mencari
nyebrang,menyebrang
nyediain,menyediakan
nyekek,mencekik
nyekik,mencekik
nyemplung,memasuki
nyentuh,menyentuh
nyerok,mengambil
nyesal,menyesal
nyesel,menyesal
nyesell,menyesal
nyetir,menyetir
nyiakan,menyiakan
nyimpan,menyimpan
nyimpen,menyimpan
nyiptain,menciptakan
nyoba,mencoba
nyobah,mencoba
nyobain,mencoba
nyusahin,menyusahkan
nyusun,menyusun
oara,para
oce,iya
oenangan,penanganan
oending,pending
oengiriman,pengiriman
omong,bicara
operasikandi,operasikan di
oprasikan,operasikan
oprasional,operasional
ora,tidak
orangtua,orang tua
orderbook,order book
orderbooknya,order booknya
orderlimit,order limit
org,orang
ori,original
origina,original
orng,orang
otentikasi,autentikasi
otw,on the way
overallsangat,overall sangat
ovodll,ovo dan lain lain
oya,iya
oyah,iya
oye,iya
oķk,oke
padahall,padahal
padahan,padahal
padahl,padahal
padal,padahal
padhal,padahal
padhl,padahal
pahadal,padahal
pahamai,paham
pahami,memahami
pahamin,memahami
nan,yang
neh,ini
ngentod,senggama
ngg,tidak
ny,nya
nyaa,nya
nyaaa,nya
nyaaaaa,nya
nyah,nya
nih,ini
nihh,nih
nii,ini
niihh,nih
niiii,ini
njerr,anjing
njir,anjing
njirr,anjing
njirt,anjing
nn,dan
noh,tuh
nomilan,nominal
ntar,nanti
nying,anjing
oder,order
maupula,maupun
mending,lebih baik
mendingan,lebih baik
menganalisa,menganalisis
ohh,oh
oi,menyapa
oii,oi
oiii,oi
oioi,oi
oiya,oh iya
off,of
ojol,ojek online
okay,ok
oke,ok
okedah,baiklah
okee,oke
okelah,baiklah
okeng,oke
okey,oke
oklah,baiklah
okok,ok
okokok,ok
omplong,kosong
oooh,oh
paje,pakai
pajakin,dipajakin
paka,pakai
pake,pakai
pakee,pakai
pakek,pakai
pakenya,pakainya
pakk,pak
palikasi,aplikasi
palinga,kemungkinan
palinh,paling
pamahi,pahami
pancen,memang
pantengin,mengawasi
paraa,para
paraaah,parah
parahh,parah
parahhh,parah
parahhhh,parah
parainvestor,para investor
pasan,pasang
pass,pas
passive,pasif
pastinyaa,pastinya
pasword,password
pati,pasti
payang,payah
pd,pada
pda,pada
pdahal,padahal
pdahl,padahal
pdhal,padahal
pdhall,padahal
pdhl,padahal
bhkn,bahkan
pelayan,pelayanan
pelayana,pelayanan
pelayananya,pelayanannya
pelayannya,pelayanannya
pemala,pemula
pembeaharuan,pembaharuan
pemetongan,pemotongan
pemua,semua
pemual,pemula
pemuka,pemula
pemulaa,pemula
pemulaaaaa,pemula
pemulu,pemula
penah,pernah
penangan,penanganan
penarika,penarikan
penarikanmurah,penarikan murah
penarikany,penarikannya
penarikanya,penarikannya
penasikan,penarikan
pencet,memencet
pengalam,pengalaman
pengalan,pengalaman
pengawan,pengawasan
pengen,ingin
pengggantian,penggantian
pengguaan,penggunaan
pengguanaan,penggunaan
penggunaanya,penggunaannya
penghasialn,penghasilan
pengin,ingin
pengirrrimannya,pengirimannya
pengoprasian,pengoperasian
pengoprasianya,pengoperasiannya
pengunaan,penggunaan
pengunaanya,penggunaannya
pengunaya,penggunanya
penipuaaaaannnn,penipuan
penipuuuu,penipu
penjelasanya,penjelasannya
pentinv,penting
penuhi,memenuhi
penyimpan,menyimpan
pepeklah,pepek
perairdropan,airdrop
peraktis,praktis
perbaiki,diperbaiki
perbaikin,perbaiki
percrypto,crypto
perdagankan,perdagangkan
perdangan,perdagangan
performance,performa
pergunakan,gunakan
peribadi,pribadi
peribet,dipersulit
perifikasi,verifikasi
perkatis,praktis
perkembanganya,perkembangannya
perli,perlu
permain,dipermainkan
perna,pernah
pernarikan,penarikan
pernh,pernah
perpect,bagus
perporma,performa
persentasi,persentase
pertahanin,pertahankan
pertamakali,pertama kali
pertimbangin,pertimbangkan
pertualangan,petualangan
pertradingan,perdagangan
pibtu,pintu
pihan,pilihan
pikturnya,fitur
pilahan,pilihan
pilian,pilihan
pilihanya,pilihannya
pilihat,pilihannya
pindahin,pindahkan
pingin,ingin
pintai,minta
pinti,pintu
pinto,pintu
pintuemudahkan,pintu memudahkan
pintupro,pintu pro
pintupronya,pintu pro
pintusangat,pintu sangat
pintuspot,pintu spot
pintuu,pintu
pintuuu,pintu
pintuuuuu,pintu
pintuuuuuu,pintu
pintuvoucherdrop,pintu voucher
pinty,pintu
pinyuy,pintu
pisan,sekali
pitu,pintu
pitur,fitur
piturenya,fiturnya
piturnya,fiturnya
pkai,pakai
pke,pakai
pkk,pakai
pkknya,pokoknya
pkok,pokok
pkoknya,pokoknya
pkonya,pokoknya
plaing,paling
platfom,platform
platfrom,platform
playform,platform
playstor,playstore
plikasi,aplikasi
pling,paling
plis,memohon
pliss,plis
plisss,plis
plystore,playstore
pmula,pemula
pnarikan,penarikan
pntek,pantek
point,poin
pokiknya,pokoknya
pokoe,pokoknya
pokoke,pokoknya
pokokna,pokoknya
pokokny,pokoknya
pokoknyaa,pokoknya
pokoknye,pokoknya
pokona,pokoknya
pokonamah,pokoknya
pokonya,pokoknya
pokonyaa,pokoknya
pokonyaaa,pokoknya
pol,maksimal
poll,maksimal
pollllllllllllllllllll,maksimal
portfolio,portofolio
porto,portofolio
portonya,portofolionya
portopolio,portofolionya
potonganya,potongannya
potopolio,portofolio
penceraahanya,pencerahannya
pinjol,pinjaman online
portopolionya,portofolionya
poto,foto
ppek,pepek
ppk,pepek
powerfull,hebat
praktek,praktik
prank,tipuan
prasaan,perasaan
prepikasi,verifikasi
presentase,persentase
president,presiden
pripikasi,verifikasi
prlu,perlu
prnh,pernah
problem,masalah
profesiinal,profesional
professional,profesional
profits,profit
programer,programmer
project,proyek
projects,proyek
projek,proyek
promon,promo
propit,profit
prorses,proses
prosentase,persentase
prosotan,perosotan
protects,proteksi
provit,profit
prubahan,perubahan
prudok,produk
ptaktice,praktis
puasa,puas
puass,puas
pungsional,fungsional
punnn,pun
puntu,pintu
punyaa,punya
pusiing,pusing
qriss,qris
qta,kita
quality,kualitas
qwalitas,kualitas
rada,agak
raguin,ragukan
rame,ramai
rameh,ramai
ranting,rating
rasain,rasakan
rate,rating
ratting,rating
rattingnya,ratingnya
rb,ribu
rban,ribuan
rbu,ribu
realnya,kenyataannya
reaposn,respon
rebu,ribu
reccomend,direkomendasikan
recom,rekomendasi
recomanded,direkomedasikan
recomeded,direkomedasikan
recomen,rekomendasi
recomend,rekomendasi
recomended,direkomedasikan
recomendet,direkomedasikan
recommend,rekomendasi
recommended,direkomedasikan
recovery,dipulihkan
ref,referral
refeal,referral
referal,referral
referalnya,referral
refereal,referral
referfal,referral
reff,referral
reffeal,referral
refferal,referral
refferla,referral
reffperal,referral
refral,referral
refresi,referensi
regristrasi,registrasi
register,daftar
regulated,regulasi
rejeki,rezeki
rek,rekening
rekeni,rekening
rekom,rekomendasi
rekomded,direkomendasikan
rekomedasi,rekomendasi
rekomen,rekomendasi
rekomend,rekomendasi
rekomendasiin,direkomendasikan
rekomendasikan,direkomendasikan
rekomended,rekomendasi
rekomendend,direkomendasikan
rekomendent,direkomendasikan
rekomendet,direkomendasikan
rekomendit,direkomendasikan
rekomensih,direkomendasikan
rekommend,rekomendasi
real,kenyataan
rell,real
req,request
reques,request
res,respon
reseki,rezeki
respond,respon
respons,respon
response,respon
responsive,responsif
respont,respon
responya,responnya
reveral,referral
rgu,ragu
rhanks,thanks
ribert,ribet
thanks,terima kasih
ribetttttttt,ribet
ribeutt,ribet
rido,ridha
rikuwes,request
ringa,ringan
risiko,resiko
risknya,resikonya
rivew,review
riview,review
riweh,ribet
rtanpa,tanpa
ruaarrrr,luar
rugii,rugi
rugiii,rugi
rugiiii,rugi
ruka,rusak
rungkad,bangkrut
rungkat,bangkrut 
runyet,sulit
rutinya,rutinnya
ruwet,ribet
saaaangat,sangat
sabgat,sangat
sagat,sangat
saiki,sekarang
sajah,saja
saka,dari
salahh,salah
salahsatu,salah satu
salahsatunya,salah satunya
salh,salah
salodo,saldo
salu,selalu
sam,sama
samain,samakan
samapi,sampai
sampaii,sampai
sampain,sampaikan
sampe,sampai
sampein,sampaikan
sampek,sampai
sanagat,sangat
sanga,sangat
sangaaaat,sangat
sangad,sangat
sangakat,sangat
sangan,sangat
sangatbagus,sangat bagus
sangatt,sangat
sanget,sangat
sangt,sangat
sangta,sangat
santosa,sentosa
sar,saran
saranin,sarankan
sarann,saran
sarannyaa,sarannya
say,saya
sayaa,saya
sayabonusnya,saya bonusnya
sayangiuang,sayangi uang
says,saya
sbelah,sebelah
sbenernya,sebenernya
sbg,sebagai
sbgai,sebagai
sbnr,sebenernya
sbtulnya,sebetulnya
scam,penipu
scamm,scam
scaper,scraper
scen,scan
scrool,scroll
scrol,scroll
sdah,sudah
sdgkn,sedangkan
sdh,sudah
sdikit,sedikit
sebaikny,sebaiknya
sebalah,sebelah
sebelom,sebelum
sebenernya,sebenarnya
sebenrnya,sebenarnya
sebter,senter
secepet,secepat
secuan,menguntungkan
securty,security
sedakangkan,sedangkan
sedangakan,sedangkan
sediain,sediakan
sedng,sedang
sedrahan,sederhana
seeeeesatset,secepat
satset,cepat
seep,bagus
segede,sebesar
segerah,segera
segeran,segera
segini,sebegini
segokill,segila
sejaub,sejauh
sekaian,sekian
sekalai,sekali
sekalii,sekali
sekaliii,sekali
sekalli,sekali
sekalo,sekali
sekaraangg,sekarang
sekarag,sekarang
sekarangg,sekarang
sekarangvjadi,sekarang jadi
sekarng,sekarang 
sekrang,sekarang
sekrmg,sekarang
sekrng,sekarang
sel,sell
selaen,selain
selai,selain
selaluuu,selalu
selamnya,selamanya
selebihny,selebihnya
selesain,selesaikan
selfi,selfie
selisi,selisih
selow,slow
semacanya,semacamnya
semaga,semoga
semaikin,semakin
semetara,sementara
semogaa,semoga
semogaaaaa,semoga
semogah,semoga
semogga,semoga
sempet,sempat
sempurnian,sempurnakan
semuah,semua
semuga,semoga
senanng,senang
seneng,senang
senengnya,senangnya
sensai,sensasi
senggaknya,setidaknya
sepeti,seperti
sepihan,sepihak
seposit,deposit
serinh,sering
serring,sering
sertq,serta
service,servis
servicenya,servisnya
sesimple,sesimpel
sesuah,sesusah
sesuati,sesuatu
seta,serta
setress,stres
setting,seting
settingan,setingan
seupdate,update
sgt,sangat
shat,sehat
shope,shopee
shoppe,shopee
shoppepay,shopeepay
siapin,siapkan
sich,sih
sihh,sih
sihhh,sih
sii,sih
siiippp,bagus
siip,bagus
siipp,bagus
sikahkan,silahkan
silahlan,silahkan
silakan,silahkan
simpen,simpan
simpenan,simpanan
simple,simpel
sinih,sini
sinii,sini
sinya,sinyal
sip,bagus
sipp,bagus
sippp,bagus
sipppp,bagus
sipppppppp,bagus
siste,sistem
sistim,sistem
sja,saja
skali,sekali
skarang,sekarang
skem,scam
skemm,scam
skil,skill
skr,sekarang
skrang,sekarang
skrg,sekarang
skrng,sekarang
slain,selain
slalu,selalu
slamat,selamat
slisih,selisih
sllu,selalu
slow,lambat
slowed,terlambat
slowrespon,slow respon
slu,selalu
sm,sama
sma,sama
smakin,semakin
smbil,sambil
smg,semoga
smga,semoga
smngat,semangat
smoga,semoga
smogah,semoga
smpai,sampai
smpe,sampai
smua,semua
sndiri,sendiri
sndri,sendiri
sngat,sangat
sngt,sangat
soale,soalnya
soalny,soalnya
sob,sobat
sodara,saudara
sopepay,shopeepay
sory,sorry
spec,spesifikasi
specifially,secara spesifik
sperti,seperti
spreat,spread
spreed,spread
sprt,seperti
sprti,seperti
spt,seperti
spy,supaya
sribg,sering
sring,sering
ssh,susah
staaf,staf
stabile,stabil
stack,stake
stacking,staking
stake,mengunci aset
staker,stake
stakers,stake
staking,stake
stalking,staking
standae,standar
standart,standar
stars,star
steking,staking
stelah,setelah
stiap,setiap
stlah,setelah
stoplossny,stoploss
stress,stres
strore,stroke
stuck,berhenti
stuk,berhenti
succes,sukses
suda,sudah
sudab,sudah
sudak,sudah
sudar,sudah
sudh,sudah
suer,beneran
sukak,suka
suksek,sukses
suksess,sukses
sulitt,sulit
sumpahin,sumpah
sunggu,sungguh
supata,supaya
supercepat,super cepat
superfast,super cepat
superlama,super lama
superrrr,super
suport,support
support,dukungan
supportnya,dukungannya
suru,suruh
susaah,susah
swip,swap
sy,saya
sya,saya
syaa,saya
syangkan,sayangkan
tadinnya,tadinya
taii,tai
taiii,tai
taiiiii,tai
tailah,tai
tambaha,tambahan
tambahanin,tambahi
tambahin,tambahi
tambahka,tambahkan
tampilanya,tampilannya
tamplian,tampilan
tanggapin,tanggapi
tar,nanti
tarder,trader
tarding,trading
tay,tai
team,tim
temprem,timeframe
terblok,terblokir
tergokil,tergila
terlaku,terlalu
terpacaya,terpercaya
terpecaya,terpercaya
terregulasi,teregulasi
terusssno,teruskan
terussss,terus
testi,testimoni
tf,transfer
th,tahun
tibet,ribet
ticket,tiket
timefrime,timeframe
timming,timing
titoknya,tiktoknya
tokennýa,tokennya
toooop,top
toop,top
topmarkotop,top
topp,top
tou,top
trad,trading
tradingan,trading
tradingkan,ditradingkan
trading,perdagangan
tradingnya,trading
tradenya,trade
treader,trader
treading,trading
treadingnya,tradingnya
treder,trader
treding,trading
tredingnya,tradingnya
trend,tren
trending,tren
trenya,trennya
trf,transfer
trouble,bermasalah
tudemuuuun,to the moon
tw,tahu
tx,transaction
txhash,tx hash
typo,tipo
uangan,keuangan
sudahsimple,sudah simpel
ul,ui
ungkapin,ungkapkan
uptodate,terbaru
urgent,gawat
users,user
ush,perlu
usn,username
ustd,usdt
veribikasinya,verifikasinya
verry,very
very,sangat
voucherdrop,voucher
vs,versus
vt,video tiktok
wa,whatsapp
waah,wah
wab,wah
wahh,wah
wahhh,wah
waj,wajah
walet,wallet
walletweb,wallet web
wao,waw
wat,buat
watchlish,watchlist
wau,waw
wauw,waw
waw,kagum
wd,penarikan
wdnya,penarikan
webnya,websitenya
wep,web
welll,well
wee,weh
weee,weh
weiiii,weh
wes,sudah
wez,wes
whidraw,penarikan
whitdraw,penarikan
whitdrawal,penarikan
whitedraw,penarikan
widdraw,penarikan
widraw,penarikan
widrawal,penarikan
widrawalnya,penarikan
widrawnya,penarikan
widrow,penarikan
windraw,penarikan
windrawal,penarikan
wirhdraw,penarikan
wirtdraww,penarikan
wihh,wih
wirawnya,penarikan
wis,sudah
wiss,wis
witdraw,penarikan
witdrawal,penarikan
withdra,penarikan
withdrawal,penarikan
withdrawl,penarikan
withdrawnya,penarikan
withdrow,penarikan
withdrwal,penarikan
withraw,penarikan
withrawnya,penarikan
withwdrawl,penarikan
wittdrawal,penarikan
witthdrawa,penarikan
wkkwwk,wkwk
wkwkw,wkwk
wkwkwk,wkwk
wkwkwkw,wkwk
wkwkwkwk,wkwk
wkwkwwk,wkwk
wo,wow
woe,woi
woiii,woi
wong,orang
woo,wow
wooiiiii,woi
woow,wow
wooww,wow
worht,worth
wort,worth
woww,wow
woy,woi
woyy,woi
woyyy,woi
wuaaah,waw
wuh,wow
wuuus,cepat
ww,woi
xlipat,lipat
xaman,zaman
xchange,exchange
xtapi,tapi
xtwitter,twitter
y,ya
ya,iya
yaa,ya
yaaa,ya
yaaahh,yah
yaak,yah
yahh,yah
yahut,mantap
yahuuuud,mantap
yak,ya
yaman,nyaman
yangdi,yang di
yangg,yang
yanh,yang
yaps,ya
yaqini,yakini
yasudah,ya sudah
yeay,gembira
yee,gembira
yeee,gembira
yes,ya
yezz,yes
yg,yang
yh,iya
yha,ya
yingkatkan,tingkatkan
yljaya,jaya
yng,yang
yo,ya
yok,ayo
yokk,ayo
yokkkk,ayo
you,kamu
yt,youtube
yth,yang terhormat 
yu,yuk
yuk,ayo
yukk,yuk
yukkk,yuk
yups,ya
yutub,youtube
yuu,yuk
yuuk,yuk
yuukkk,yuk
yuuu,yuk
zonk,bodoh
zoom,pembesaran
zoong,bodoh
tangung,tanggung
tansaksi,transaksi
tanyauntuk,tanya untuk
tapih,tapi
tapii,tapi
tapiii,tapi
tapiiii,tapi
tapy,tapi
taridentifikasi,teridentifikasi
tarix,tarik 
taro,taruh
tatapi,tetapi
tau,tahu
taukan,tahu
taunya,tahu
tauu,tahu
tawarin,tawarkan
tdak,tidak
tdi,tadi
tdinya,tadinya
tdk,tidak
tebaik,terbaik
tebukanya,terbukanya
tehnik,teknik
tehubung,terhubung
tekhnikal,teknikal
tekhnologi,teknologi
telfon,telepon
telpon,telepon
temeen,teman
temen,teman
tempati,menempati
temudah,termudah
temui,menemui
tenag,tenang
tenggah,tengah
tengtang,tentang
tenpat,tempat
tenram,tentram
tenting,tentang
tentunnya,tentunya
teransaksinya,transaksinya
terbai,terbaik
terbaikk,terbaik
terbaikkk,terbaik
terbest,terbaik
terbtukti,terbukti
terbuga,terbuka
terdaftr,terdaftar
terdedia,tersedia
terhung,terhubung
terim,terima
terimah,terima
terimakasi,terima kasih
terimakasih,terima kasih
terimaksi,terima kasih 
terimaksih,terima kasih
terimkasih,terima kasih
terimskasih,terima kasih
terjami,terjamin
terjaminn,terjamin
terksan,terkesan
terljun,terjun
terllau,terlalu
termasu,termasuk
ternya,ternyata
ternyta,ternyata
terooooosss,terus
teroossss,terus
teros,terus
terossssss,terus
ters,terus
tersediah,tersedia
tersedian,tersedia
tersimple,tersimpel
tertara,tertera
teruss,terus
teruuss,terus
teryata,ternyata
test,tes
tetapp,tetap
tetep,tetap
tggal,tinggal
tggu,tunggu
tgl,tanggal
thank,terima kasih
thankk,terima kasih
thanks,terima kasih
thankyou,terima kasih
thankyouu,terima kasih
thebest,terbaik
thebesttttttt,terbaik
thks,terima kasih
thn,tahun
tiapkali,setiap kali
tida,tidak
tidakak,tidak
tidakbisa,tidak bisa
tidal,tidak
tidk,tidak
tidka,tidak
tifak,tidak
tindaklanjuti,tindak lanjuti
tingal,tinggal
tingalkan,tinggalkan
tinggu,tinggi
tingi,tinggi
tingkatin,tingkatkan
tiyap,setiap
tko,tokocrypto
tkt,takut
tlah,telah
tlfon,telepon
tlng,tolong
tlol,tolol
tlong,tolong
tlp,telepon
tmbh,tambah
tmbhn,tambahan
tmn,teman
tnggu,tunggu
tks,terima kasih
tnks,terima kasih
tnpa,tanpa
tnya,tanya
tokencoin,token koin
tokenkoin,token koin
tokocrpto,tokocrypto
tollol,tolol
tolongsegera,tolong segera
toturial,tutorial
topup,isi ulang
together,bersama
tp,tapi
tpai,tapi
tpi,tapi
tppintu,tapi pintu
tq,terima kasih
tracking,pelacakan
tradaing,trading
traddingg,trading
tradinnya,tradingnya
traiding,trading
trakhir,terakhir
traksaksi,transaksi
traksasi,transaksi
trandline,trendline
tranfer,transfer
transaction,transaksi
transakai,transaksi
transakainya,transaksinya
transakasi,transaksi
transaki,transaksi
transaksasi,transaksi
transer,transfer
transferin,transfer
transferring,transfer
transiksi,transaksi
transkasi,transaksi
transksi,transaksi
transper,transfer
trasaksi,transaksi
trbaik,terbaik
treiding,trading
trima,terima
trimakasi,terima kasih
trimakasih,terima kasih
trimakasij,terima kasih
trimaksih,terima kasih
trimakssih,terima kasih
trims,terima kasih
trive,triv
trjamin,terjamin
trkoneksi,terkoneksi
trllu,terlalu
trm,terima
trma,terima
trnsksi,transaksi
trnyata,ternyata
trnyta,ternyata 
trpercaya,terpercaya
trs,terus
trsssssss,terus
trus,terus
trusss,terus
truus,terus
tsb,tersebut
ttap,tetap
ttep,tetap
ttg,tentang
ttp,tetap
tuker,tukar
tuku,beli
tulisanya,tulisannya
tulul,tolol
tungu,tunggu
tunjukin,tunjukkan
turundsni,turun disini
turunin,turunkan
turunya,turunnya
tutor,tutorial
twiiter,twitter
uangaset,uang aset 
ubdate,update
ubh,ubah
ud,sudah
uda,sudah
udah,sudah
udahemail,sudah email
udahgak,sudah tidak
udahlah,sudahlah
udaj,sudah
udh,sudah
uitampilan,ui tampilan
umurr,umur
uninstal,uninstall
unistal,uninstall
unistalll,uninstall
unistl,uninstall
unjuk,tunjuk
unnistal,uninstall
unt,untuk
untk,untuk
untu,untuk
untukk,untuk
untunganya,untungnya
unuk,untuk
unvestasi,investasi
updet,update
upgread,upgrade
usah,perlu
userdan,user dan
userfreandly,user friendly
userfriendly,user friendly
usernamd,username
using,pusing
utk,untuk
utuk,untuk
verif,verifikasi
verification,verifikasi
verifnya,verifikasinya
veriv,verifikasi 
verivikasi,verifikasi 
vertifikasi,verifikasi 
vitur,fitur
viturnya,fiturnya
voucer,voucher
wait,tunggu
waja,wajah
wajahmalah,wajah tetapi
walalu,walaupun
walau,walaupun
walawpun,walaupun
waletnya,walletnya
walett,wallet
walopun,walaupun
web,website
webb,website
webnya,websitenya
whapsap,whatsapp
wkt,waktu
wktu,waktu
wllet,wallet
wlupun,walaupun
abangkuh,abangku
abangkuhh,abangku
abis,habis
abiss,habis
abizz,habis
adain,adakan
addres,address
adimn,admin
adminn,admin
adminnnya,adminnya
adminya,adminnya
adress,address
aduhh,aduh
aduhhh,aduh
aduuhh,aduh
adress,address
ahhh,ahh
ahir,akhir
aidrob,airdrop
airdop,airdrop
airdroid,airdrop
airdroip,airdrop
airdroper,airdroper
airdropers,airdroper
airdropnya,airdrop
airdrops,airdrop
ajaibb,ajaib
akag,agar
altcoinyya,altcoin
altcrypto,altcoin
altoin,altcoin
antamuka,antarmuka
baaaaaaaad,buruk
baikny,baiknya
beatcoin,bitcoin
behh,beh
behhh,beh
bgd,banget
bget,banget
bntangnya,bintangnya
boss,bos
bosss,bos
burikk,jelek
cewe,cewek
chanel,channel
coins,coin
coinya,coinnya
coinyaa,coinnya
ctypto,crypto
dimurahin,dimurahkan
dinpakai,dipakai
hanyai,hanya
joob,job
naahh,nah
system,sistem
systemnya,sistemnya
terconfirm,terkonfirmasi
aplìkasi,aplikasi
abangkuuhh,abangku
adm,biaya admin
ahaha,haha
akwlakwoalwoaowo,wkwk
beeuhh,beh
bircoin,bitcoin
bànget,banget
da,ada
dapss,dapps
deeh,deh
ditingaktkan,ditingkatkan
dooprise,hadiah
emak,ibu
gaaas,ayo
hadeee,aduh
lainya,lainnya
malahan,bahkan
manteb,mantap betul
mantuuulll,mantap betul
mu,kamu
ntu,itu
nyan,nya
oy,oi
pea,bodoh
photo,foto
piktur,fitur
pintubeli,pintu beli
poko,pokok
samgat,sangat
sbener,sebenarnya
sekarangzaman,sekarang zaman
staff,staf
terusss,terus
tikt,tiktok
wahah,wajah
𝐁𝐮𝐚𝐭,buat
𝐛𝐨𝐧𝐮𝐬,bonus
𝐛𝐮𝐭𝐮𝐡,butuh
𝐢𝐧𝐟𝐮𝐭,input
𝐦𝐞𝐧𝐝𝐚𝐩𝐚𝐭𝐤𝐚𝐧,mendapatkan
𝐫𝐞𝐟𝐟,referral
𝐬𝐢𝐥𝐚𝐡𝐤𝐚𝐧,silahkan
𝐮𝐧𝐭𝐮𝐤,untuk
𝐲𝐚𝐧𝐠,yang
𝑨𝒑𝒑,aplikasi
𝒃𝒂𝒈𝒖𝒔,bagus
𝒄𝒓𝒚𝒑𝒕𝒐,crypto
𝒅𝒊𝒈𝒖𝒏𝒂𝒌𝒂𝒏,digunakan
𝒔𝒂𝒏𝒈𝒂𝒕,sangat
𝒕𝒓𝒆𝒏𝒅𝒊𝒏𝒈,trending
𝒖𝒏𝒕𝒖𝒌,untuk
𝒚𝒂𝒏𝒈,yang
𝗔𝗽𝗹𝗶𝗸𝗮𝘀𝗶,aplikasi
𝗖𝗿𝘆𝗽𝘁𝗼,crypto
𝗜𝗻𝘃𝗲𝘀𝘁𝗮𝘀𝗶,investasi
𝗣𝗶𝗻𝘁𝘂,pintu
𝗱𝗶,di
𝚖𝚊𝚑𝚊𝚕,mahal
𝚙𝚘𝚝𝚘𝚗𝚐𝚊𝚗,potongan
𝚝𝚎𝚛𝚕𝚊𝚕𝚞,terlalu
ag,agak
aidrop,airdrop
ak,saya
alaset,aset
alcoin,altcoin
aya,saya
bat,banget
bls,balas
binan,binance
cepatdan,cepat dan
akum,akun
amoe,sampai
bam,tidak
beru,baru
but,tapi
dalem,dalam
de,deh
digunankan,digunakan
goodjobs,kerja bagus
ham,jam
jan,jangan
nd,tidak
rama,ramah
rupiahtoken,rupiah token
setalah,setelah
sorry,maaf
su,anjing
tari,tarik
tegalan,ketinggalan
thun,tahun
thx,terima kasih
tokenya,tokennya
tuk,untuk
tx,transaction
usefull,berguna
win,menang
worry,takut
worst,terburuk
abal,tipu
acc,diterima
log in,login
log out,logout
sign up,daftar
top up,topup
cut loss,cutloss
stop lost,stoploss
stop loss,stoploss
real time,realtime
alt coin,altcoin
market cap,marketcap
eye catching,menarik perhatian
on chain,onchain
cl,cutloss
kontol,brengsek
low cap,lowcap
wiget,widget
walllet,wallet
vol,volume
usd,usdt
ditawakan,ditawarkan
with draw,penarikan
ekspektasi,ekspetasi
time frame,timeframe
interesting,menarik
invesnya,investasi
bikin,membuat
cash backnya,cashbacknya
link aja,linkaja
antar muka,antarmuka
gas fee,biaya
parangkat,perangkat
patah,parah
shopee pay,shopeepay
pegguna,pengguna
pemahan,pemahaman
bikin,buat
pentunjuk,petunjuk
perfect,sempurna
permula,pemula
play store,playstore
google play,googleplay
pokoknyagak,pokoknya tidak
pop up,pop-up
rug pul,rugi
quick,cepat
reksa dana,reksadana
saldoya,saldonya
sangkut,nyangkut
sea bank,seabank
sensainya,sensasinya
sepatunya,sepatutnya
simpe,simpel
sitem,sistem
toko crypto,tokocrypto
toko kripto,tokocrypto
trading view,tradingview